"mRNA";"miRNA"
"1";"10217";"rno-miR-100"
"2";"10221";"rno-miR-100"
"3";"11176";"rno-miR-100"
"4";"2261";"rno-miR-100"
"5";"22996";"rno-miR-100"
"6";"23135";"rno-miR-100"
"7";"23140";"rno-miR-100"
"8";"23463";"rno-miR-100"
"9";"2475";"rno-miR-100"
"10";"27161";"rno-miR-100"
"11";"28951";"rno-miR-100"
"12";"3198";"rno-miR-100"
"13";"3480";"rno-miR-100"
"14";"51341";"rno-miR-100"
"15";"55225";"rno-miR-100"
"16";"55435";"rno-miR-100"
"17";"56603";"rno-miR-100"
"18";"5879";"rno-miR-100"
"19";"639";"rno-miR-100"
"20";"64793";"rno-miR-100"
"21";"659";"rno-miR-100"
"22";"6602";"rno-miR-100"
"23";"7855";"rno-miR-100"
"24";"8325";"rno-miR-100"
"25";"84541";"rno-miR-100"
"26";"8467";"rno-miR-100"
"27";"8897";"rno-miR-100"
"28";"9956";"rno-miR-100"
"29";"10000";"rno-miR-125a"
"30";"10019";"rno-miR-125a"
"31";"10021";"rno-miR-125a"
"32";"10057";"rno-miR-125a"
"33";"10126";"rno-miR-125a"
"34";"10166";"rno-miR-125a"
"35";"10179";"rno-miR-125a"
"36";"10257";"rno-miR-125a"
"37";"10391";"rno-miR-125a"
"38";"10570";"rno-miR-125a"
"39";"10608";"rno-miR-125a"
"40";"10618";"rno-miR-125a"
"41";"10620";"rno-miR-125a"
"42";"10634";"rno-miR-125a"
"43";"10914";"rno-miR-125a"
"44";"10999";"rno-miR-125a"
"45";"11011";"rno-miR-125a"
"46";"11052";"rno-miR-125a"
"47";"11176";"rno-miR-125a"
"48";"11253";"rno-miR-125a"
"49";"11270";"rno-miR-125a"
"50";"11313";"rno-miR-125a"
"51";"11320";"rno-miR-125a"
"52";"11325";"rno-miR-125a"
"53";"113829";"rno-miR-125a"
"54";"114294";"rno-miR-125a"
"55";"114883";"rno-miR-125a"
"56";"122553";"rno-miR-125a"
"57";"124842";"rno-miR-125a"
"58";"124930";"rno-miR-125a"
"59";"1263";"rno-miR-125a"
"60";"128338";"rno-miR-125a"
"61";"128954";"rno-miR-125a"
"62";"129080";"rno-miR-125a"
"63";"129563";"rno-miR-125a"
"64";"130612";"rno-miR-125a"
"65";"140459";"rno-miR-125a"
"66";"1432";"rno-miR-125a"
"67";"1457";"rno-miR-125a"
"68";"1463";"rno-miR-125a"
"69";"147339";"rno-miR-125a"
"70";"148252";"rno-miR-125a"
"71";"153396";"rno-miR-125a"
"72";"1605";"rno-miR-125a"
"73";"162427";"rno-miR-125a"
"74";"1639";"rno-miR-125a"
"75";"168455";"rno-miR-125a"
"76";"169611";"rno-miR-125a"
"77";"169714";"rno-miR-125a"
"78";"171586";"rno-miR-125a"
"79";"1795";"rno-miR-125a"
"80";"1820";"rno-miR-125a"
"81";"1848";"rno-miR-125a"
"82";"1857";"rno-miR-125a"
"83";"1906";"rno-miR-125a"
"84";"1912";"rno-miR-125a"
"85";"1952";"rno-miR-125a"
"86";"1978";"rno-miR-125a"
"87";"201627";"rno-miR-125a"
"88";"2043";"rno-miR-125a"
"89";"2066";"rno-miR-125a"
"90";"2101";"rno-miR-125a"
"91";"2104";"rno-miR-125a"
"92";"2113";"rno-miR-125a"
"93";"2120";"rno-miR-125a"
"94";"219333";"rno-miR-125a"
"95";"221294";"rno-miR-125a"
"96";"2239";"rno-miR-125a"
"97";"2263";"rno-miR-125a"
"98";"2286";"rno-miR-125a"
"99";"23062";"rno-miR-125a"
"100";"2307";"rno-miR-125a"
"101";"23095";"rno-miR-125a"
"102";"23097";"rno-miR-125a"
"103";"23098";"rno-miR-125a"
"104";"23119";"rno-miR-125a"
"105";"23131";"rno-miR-125a"
"106";"2319";"rno-miR-125a"
"107";"23216";"rno-miR-125a"
"108";"23225";"rno-miR-125a"
"109";"23236";"rno-miR-125a"
"110";"23281";"rno-miR-125a"
"111";"2332";"rno-miR-125a"
"112";"23344";"rno-miR-125a"
"113";"23351";"rno-miR-125a"
"114";"23405";"rno-miR-125a"
"115";"23429";"rno-miR-125a"
"116";"23433";"rno-miR-125a"
"117";"23439";"rno-miR-125a"
"118";"23492";"rno-miR-125a"
"119";"23528";"rno-miR-125a"
"120";"23541";"rno-miR-125a"
"121";"23554";"rno-miR-125a"
"122";"23677";"rno-miR-125a"
"123";"2526";"rno-miR-125a"
"124";"255488";"rno-miR-125a"
"125";"256691";"rno-miR-125a"
"126";"25822";"rno-miR-125a"
"127";"25946";"rno-miR-125a"
"128";"2595";"rno-miR-125a"
"129";"25988";"rno-miR-125a"
"130";"26099";"rno-miR-125a"
"131";"26469";"rno-miR-125a"
"132";"2686";"rno-miR-125a"
"133";"2697";"rno-miR-125a"
"134";"27161";"rno-miR-125a"
"135";"2744";"rno-miR-125a"
"136";"28232";"rno-miR-125a"
"137";"283149";"rno-miR-125a"
"138";"283871";"rno-miR-125a"
"139";"283989";"rno-miR-125a"
"140";"2846";"rno-miR-125a"
"141";"285172";"rno-miR-125a"
"142";"286077";"rno-miR-125a"
"143";"286343";"rno-miR-125a"
"144";"2872";"rno-miR-125a"
"145";"2887";"rno-miR-125a"
"146";"28951";"rno-miR-125a"
"147";"29";"rno-miR-125a"
"148";"290";"rno-miR-125a"
"149";"2903";"rno-miR-125a"
"150";"2926";"rno-miR-125a"
"151";"29855";"rno-miR-125a"
"152";"29946";"rno-miR-125a"
"153";"3067";"rno-miR-125a"
"154";"30818";"rno-miR-125a"
"155";"3097";"rno-miR-125a"
"156";"3149";"rno-miR-125a"
"157";"3213";"rno-miR-125a"
"158";"324";"rno-miR-125a"
"159";"340485";"rno-miR-125a"
"160";"340533";"rno-miR-125a"
"161";"3603";"rno-miR-125a"
"162";"372";"rno-miR-125a"
"163";"3728";"rno-miR-125a"
"164";"3736";"rno-miR-125a"
"165";"3768";"rno-miR-125a"
"166";"3790";"rno-miR-125a"
"167";"3955";"rno-miR-125a"
"168";"3977";"rno-miR-125a"
"169";"399687";"rno-miR-125a"
"170";"400506";"rno-miR-125a"
"171";"4012";"rno-miR-125a"
"172";"4038";"rno-miR-125a"
"173";"4074";"rno-miR-125a"
"174";"4094";"rno-miR-125a"
"175";"41";"rno-miR-125a"
"176";"4135";"rno-miR-125a"
"177";"4139";"rno-miR-125a"
"178";"4144";"rno-miR-125a"
"179";"4209";"rno-miR-125a"
"180";"4287";"rno-miR-125a"
"181";"4296";"rno-miR-125a"
"182";"4320";"rno-miR-125a"
"183";"4520";"rno-miR-125a"
"184";"4661";"rno-miR-125a"
"185";"4684";"rno-miR-125a"
"186";"4685";"rno-miR-125a"
"187";"4739";"rno-miR-125a"
"188";"4741";"rno-miR-125a"
"189";"4758";"rno-miR-125a"
"190";"4781";"rno-miR-125a"
"191";"492";"rno-miR-125a"
"192";"4947";"rno-miR-125a"
"193";"5048";"rno-miR-125a"
"194";"51058";"rno-miR-125a"
"195";"51072";"rno-miR-125a"
"196";"51114";"rno-miR-125a"
"197";"51195";"rno-miR-125a"
"198";"51199";"rno-miR-125a"
"199";"51230";"rno-miR-125a"
"200";"5127";"rno-miR-125a"
"201";"51274";"rno-miR-125a"
"202";"51341";"rno-miR-125a"
"203";"51400";"rno-miR-125a"
"204";"51499";"rno-miR-125a"
"205";"51547";"rno-miR-125a"
"206";"51560";"rno-miR-125a"
"207";"51586";"rno-miR-125a"
"208";"51616";"rno-miR-125a"
"209";"51621";"rno-miR-125a"
"210";"51762";"rno-miR-125a"
"211";"51809";"rno-miR-125a"
"212";"5287";"rno-miR-125a"
"213";"5326";"rno-miR-125a"
"214";"53349";"rno-miR-125a"
"215";"5361";"rno-miR-125a"
"216";"54014";"rno-miR-125a"
"217";"5420";"rno-miR-125a"
"218";"54442";"rno-miR-125a"
"219";"5452";"rno-miR-125a"
"220";"54567";"rno-miR-125a"
"221";"54619";"rno-miR-125a"
"222";"54676";"rno-miR-125a"
"223";"5471";"rno-miR-125a"
"224";"54732";"rno-miR-125a"
"225";"54785";"rno-miR-125a"
"226";"54897";"rno-miR-125a"
"227";"54926";"rno-miR-125a"
"228";"5499";"rno-miR-125a"
"229";"55007";"rno-miR-125a"
"230";"55148";"rno-miR-125a"
"231";"5515";"rno-miR-125a"
"232";"55216";"rno-miR-125a"
"233";"55262";"rno-miR-125a"
"234";"5527";"rno-miR-125a"
"235";"55298";"rno-miR-125a"
"236";"55300";"rno-miR-125a"
"237";"55544";"rno-miR-125a"
"238";"55603";"rno-miR-125a"
"239";"55625";"rno-miR-125a"
"240";"55671";"rno-miR-125a"
"241";"55684";"rno-miR-125a"
"242";"55752";"rno-miR-125a"
"243";"5648";"rno-miR-125a"
"244";"57030";"rno-miR-125a"
"245";"57120";"rno-miR-125a"
"246";"57154";"rno-miR-125a"
"247";"57161";"rno-miR-125a"
"248";"57216";"rno-miR-125a"
"249";"57406";"rno-miR-125a"
"250";"57497";"rno-miR-125a"
"251";"57509";"rno-miR-125a"
"252";"57537";"rno-miR-125a"
"253";"57648";"rno-miR-125a"
"254";"57662";"rno-miR-125a"
"255";"57698";"rno-miR-125a"
"256";"57786";"rno-miR-125a"
"257";"578";"rno-miR-125a"
"258";"5792";"rno-miR-125a"
"259";"58488";"rno-miR-125a"
"260";"5977";"rno-miR-125a"
"261";"5993";"rno-miR-125a"
"262";"6195";"rno-miR-125a"
"263";"6272";"rno-miR-125a"
"264";"6310";"rno-miR-125a"
"265";"6327";"rno-miR-125a"
"266";"6330";"rno-miR-125a"
"267";"6331";"rno-miR-125a"
"268";"6337";"rno-miR-125a"
"269";"639";"rno-miR-125a"
"270";"63941";"rno-miR-125a"
"271";"6400";"rno-miR-125a"
"272";"6431";"rno-miR-125a"
"273";"64375";"rno-miR-125a"
"274";"64418";"rno-miR-125a"
"275";"6468";"rno-miR-125a"
"276";"64708";"rno-miR-125a"
"277";"64778";"rno-miR-125a"
"278";"64793";"rno-miR-125a"
"279";"6480";"rno-miR-125a"
"280";"64837";"rno-miR-125a"
"281";"64855";"rno-miR-125a"
"282";"65084";"rno-miR-125a"
"283";"6541";"rno-miR-125a"
"284";"6543";"rno-miR-125a"
"285";"659";"rno-miR-125a"
"286";"6603";"rno-miR-125a"
"287";"6615";"rno-miR-125a"
"288";"6664";"rno-miR-125a"
"289";"6667";"rno-miR-125a"
"290";"6710";"rno-miR-125a"
"291";"6722";"rno-miR-125a"
"292";"6760";"rno-miR-125a"
"293";"6774";"rno-miR-125a"
"294";"6781";"rno-miR-125a"
"295";"6839";"rno-miR-125a"
"296";"6901";"rno-miR-125a"
"297";"6928";"rno-miR-125a"
"298";"6990";"rno-miR-125a"
"299";"6996";"rno-miR-125a"
"300";"7008";"rno-miR-125a"
"301";"7046";"rno-miR-125a"
"302";"7227";"rno-miR-125a"
"303";"7283";"rno-miR-125a"
"304";"7292";"rno-miR-125a"
"305";"7326";"rno-miR-125a"
"306";"7332";"rno-miR-125a"
"307";"7405";"rno-miR-125a"
"308";"7410";"rno-miR-125a"
"309";"7421";"rno-miR-125a"
"310";"7453";"rno-miR-125a"
"311";"7629";"rno-miR-125a"
"312";"7707";"rno-miR-125a"
"313";"7812";"rno-miR-125a"
"314";"782";"rno-miR-125a"
"315";"7903";"rno-miR-125a"
"316";"79137";"rno-miR-125a"
"317";"7922";"rno-miR-125a"
"318";"79616";"rno-miR-125a"
"319";"79623";"rno-miR-125a"
"320";"79628";"rno-miR-125a"
"321";"79679";"rno-miR-125a"
"322";"79720";"rno-miR-125a"
"323";"79754";"rno-miR-125a"
"324";"79847";"rno-miR-125a"
"325";"80019";"rno-miR-125a"
"326";"80124";"rno-miR-125a"
"327";"80325";"rno-miR-125a"
"328";"80774";"rno-miR-125a"
"329";"8079";"rno-miR-125a"
"330";"80851";"rno-miR-125a"
"331";"8091";"rno-miR-125a"
"332";"81606";"rno-miR-125a"
"333";"8165";"rno-miR-125a"
"334";"8314";"rno-miR-125a"
"335";"8396";"rno-miR-125a"
"336";"84141";"rno-miR-125a"
"337";"84285";"rno-miR-125a"
"338";"84447";"rno-miR-125a"
"339";"8463";"rno-miR-125a"
"340";"84640";"rno-miR-125a"
"341";"84641";"rno-miR-125a"
"342";"84787";"rno-miR-125a"
"343";"84913";"rno-miR-125a"
"344";"8502";"rno-miR-125a"
"345";"85403";"rno-miR-125a"
"346";"85406";"rno-miR-125a"
"347";"8567";"rno-miR-125a"
"348";"8575";"rno-miR-125a"
"349";"8625";"rno-miR-125a"
"350";"8633";"rno-miR-125a"
"351";"865";"rno-miR-125a"
"352";"8671";"rno-miR-125a"
"353";"8861";"rno-miR-125a"
"354";"8879";"rno-miR-125a"
"355";"8897";"rno-miR-125a"
"356";"8927";"rno-miR-125a"
"357";"89848";"rno-miR-125a"
"358";"89941";"rno-miR-125a"
"359";"90134";"rno-miR-125a"
"360";"90427";"rno-miR-125a"
"361";"9057";"rno-miR-125a"
"362";"90627";"rno-miR-125a"
"363";"9159";"rno-miR-125a"
"364";"9169";"rno-miR-125a"
"365";"91748";"rno-miR-125a"
"366";"92";"rno-miR-125a"
"367";"92369";"rno-miR-125a"
"368";"9253";"rno-miR-125a"
"369";"9258";"rno-miR-125a"
"370";"94241";"rno-miR-125a"
"371";"9444";"rno-miR-125a"
"372";"9462";"rno-miR-125a"
"373";"9496";"rno-miR-125a"
"374";"9507";"rno-miR-125a"
"375";"9525";"rno-miR-125a"
"376";"9545";"rno-miR-125a"
"377";"9583";"rno-miR-125a"
"378";"9592";"rno-miR-125a"
"379";"9612";"rno-miR-125a"
"380";"9695";"rno-miR-125a"
"381";"9705";"rno-miR-125a"
"382";"9715";"rno-miR-125a"
"383";"9760";"rno-miR-125a"
"384";"9771";"rno-miR-125a"
"385";"9781";"rno-miR-125a"
"386";"9796";"rno-miR-125a"
"387";"9798";"rno-miR-125a"
"388";"9802";"rno-miR-125a"
"389";"9810";"rno-miR-125a"
"390";"9813";"rno-miR-125a"
"391";"9849";"rno-miR-125a"
"392";"9870";"rno-miR-125a"
"393";"9924";"rno-miR-125a"
"394";"9948";"rno-miR-125a"
"395";"9950";"rno-miR-125a"
"396";"9991";"rno-miR-125a"
"397";"10000";"rno-miR-125b"
"398";"10019";"rno-miR-125b"
"399";"10021";"rno-miR-125b"
"400";"10057";"rno-miR-125b"
"401";"10126";"rno-miR-125b"
"402";"10166";"rno-miR-125b"
"403";"10179";"rno-miR-125b"
"404";"10257";"rno-miR-125b"
"405";"10391";"rno-miR-125b"
"406";"10570";"rno-miR-125b"
"407";"10608";"rno-miR-125b"
"408";"10618";"rno-miR-125b"
"409";"10620";"rno-miR-125b"
"410";"10634";"rno-miR-125b"
"411";"10914";"rno-miR-125b"
"412";"10999";"rno-miR-125b"
"413";"11011";"rno-miR-125b"
"414";"11052";"rno-miR-125b"
"415";"11176";"rno-miR-125b"
"416";"11253";"rno-miR-125b"
"417";"11270";"rno-miR-125b"
"418";"11313";"rno-miR-125b"
"419";"11320";"rno-miR-125b"
"420";"11325";"rno-miR-125b"
"421";"113829";"rno-miR-125b"
"422";"114294";"rno-miR-125b"
"423";"114883";"rno-miR-125b"
"424";"122553";"rno-miR-125b"
"425";"124842";"rno-miR-125b"
"426";"124930";"rno-miR-125b"
"427";"1263";"rno-miR-125b"
"428";"128338";"rno-miR-125b"
"429";"128954";"rno-miR-125b"
"430";"129080";"rno-miR-125b"
"431";"129563";"rno-miR-125b"
"432";"130612";"rno-miR-125b"
"433";"140459";"rno-miR-125b"
"434";"1432";"rno-miR-125b"
"435";"1457";"rno-miR-125b"
"436";"1463";"rno-miR-125b"
"437";"147339";"rno-miR-125b"
"438";"148252";"rno-miR-125b"
"439";"153396";"rno-miR-125b"
"440";"1605";"rno-miR-125b"
"441";"162427";"rno-miR-125b"
"442";"1639";"rno-miR-125b"
"443";"168455";"rno-miR-125b"
"444";"169611";"rno-miR-125b"
"445";"169714";"rno-miR-125b"
"446";"171586";"rno-miR-125b"
"447";"1795";"rno-miR-125b"
"448";"1820";"rno-miR-125b"
"449";"1848";"rno-miR-125b"
"450";"1857";"rno-miR-125b"
"451";"1906";"rno-miR-125b"
"452";"1912";"rno-miR-125b"
"453";"1952";"rno-miR-125b"
"454";"1978";"rno-miR-125b"
"455";"201627";"rno-miR-125b"
"456";"2043";"rno-miR-125b"
"457";"2066";"rno-miR-125b"
"458";"2101";"rno-miR-125b"
"459";"2104";"rno-miR-125b"
"460";"2113";"rno-miR-125b"
"461";"2120";"rno-miR-125b"
"462";"219333";"rno-miR-125b"
"463";"221294";"rno-miR-125b"
"464";"2239";"rno-miR-125b"
"465";"2263";"rno-miR-125b"
"466";"2286";"rno-miR-125b"
"467";"23062";"rno-miR-125b"
"468";"2307";"rno-miR-125b"
"469";"23095";"rno-miR-125b"
"470";"23097";"rno-miR-125b"
"471";"23098";"rno-miR-125b"
"472";"23119";"rno-miR-125b"
"473";"23131";"rno-miR-125b"
"474";"2319";"rno-miR-125b"
"475";"23216";"rno-miR-125b"
"476";"23225";"rno-miR-125b"
"477";"23236";"rno-miR-125b"
"478";"23281";"rno-miR-125b"
"479";"2332";"rno-miR-125b"
"480";"23344";"rno-miR-125b"
"481";"23351";"rno-miR-125b"
"482";"23405";"rno-miR-125b"
"483";"23429";"rno-miR-125b"
"484";"23433";"rno-miR-125b"
"485";"23439";"rno-miR-125b"
"486";"23492";"rno-miR-125b"
"487";"23528";"rno-miR-125b"
"488";"23541";"rno-miR-125b"
"489";"23554";"rno-miR-125b"
"490";"23677";"rno-miR-125b"
"491";"2526";"rno-miR-125b"
"492";"255488";"rno-miR-125b"
"493";"256691";"rno-miR-125b"
"494";"25822";"rno-miR-125b"
"495";"25946";"rno-miR-125b"
"496";"2595";"rno-miR-125b"
"497";"25988";"rno-miR-125b"
"498";"26099";"rno-miR-125b"
"499";"26469";"rno-miR-125b"
"500";"2686";"rno-miR-125b"
"501";"2697";"rno-miR-125b"
"502";"27161";"rno-miR-125b"
"503";"2744";"rno-miR-125b"
"504";"28232";"rno-miR-125b"
"505";"283149";"rno-miR-125b"
"506";"283871";"rno-miR-125b"
"507";"283989";"rno-miR-125b"
"508";"2846";"rno-miR-125b"
"509";"285172";"rno-miR-125b"
"510";"286077";"rno-miR-125b"
"511";"286343";"rno-miR-125b"
"512";"2872";"rno-miR-125b"
"513";"2887";"rno-miR-125b"
"514";"28951";"rno-miR-125b"
"515";"29";"rno-miR-125b"
"516";"290";"rno-miR-125b"
"517";"2903";"rno-miR-125b"
"518";"2926";"rno-miR-125b"
"519";"29855";"rno-miR-125b"
"520";"29946";"rno-miR-125b"
"521";"3067";"rno-miR-125b"
"522";"30818";"rno-miR-125b"
"523";"3097";"rno-miR-125b"
"524";"3149";"rno-miR-125b"
"525";"3213";"rno-miR-125b"
"526";"324";"rno-miR-125b"
"527";"340485";"rno-miR-125b"
"528";"340533";"rno-miR-125b"
"529";"3603";"rno-miR-125b"
"530";"372";"rno-miR-125b"
"531";"3728";"rno-miR-125b"
"532";"3736";"rno-miR-125b"
"533";"3768";"rno-miR-125b"
"534";"3790";"rno-miR-125b"
"535";"3955";"rno-miR-125b"
"536";"3977";"rno-miR-125b"
"537";"399687";"rno-miR-125b"
"538";"400506";"rno-miR-125b"
"539";"4012";"rno-miR-125b"
"540";"4038";"rno-miR-125b"
"541";"4074";"rno-miR-125b"
"542";"4094";"rno-miR-125b"
"543";"41";"rno-miR-125b"
"544";"4135";"rno-miR-125b"
"545";"4139";"rno-miR-125b"
"546";"4144";"rno-miR-125b"
"547";"4209";"rno-miR-125b"
"548";"4287";"rno-miR-125b"
"549";"4296";"rno-miR-125b"
"550";"4320";"rno-miR-125b"
"551";"4520";"rno-miR-125b"
"552";"4661";"rno-miR-125b"
"553";"4684";"rno-miR-125b"
"554";"4685";"rno-miR-125b"
"555";"4739";"rno-miR-125b"
"556";"4741";"rno-miR-125b"
"557";"4758";"rno-miR-125b"
"558";"4781";"rno-miR-125b"
"559";"492";"rno-miR-125b"
"560";"4947";"rno-miR-125b"
"561";"5048";"rno-miR-125b"
"562";"51058";"rno-miR-125b"
"563";"51072";"rno-miR-125b"
"564";"51114";"rno-miR-125b"
"565";"51195";"rno-miR-125b"
"566";"51199";"rno-miR-125b"
"567";"51230";"rno-miR-125b"
"568";"5127";"rno-miR-125b"
"569";"51274";"rno-miR-125b"
"570";"51341";"rno-miR-125b"
"571";"51400";"rno-miR-125b"
"572";"51499";"rno-miR-125b"
"573";"51547";"rno-miR-125b"
"574";"51560";"rno-miR-125b"
"575";"51586";"rno-miR-125b"
"576";"51616";"rno-miR-125b"
"577";"51621";"rno-miR-125b"
"578";"51762";"rno-miR-125b"
"579";"51809";"rno-miR-125b"
"580";"5287";"rno-miR-125b"
"581";"5326";"rno-miR-125b"
"582";"53349";"rno-miR-125b"
"583";"5361";"rno-miR-125b"
"584";"54014";"rno-miR-125b"
"585";"5420";"rno-miR-125b"
"586";"54442";"rno-miR-125b"
"587";"5452";"rno-miR-125b"
"588";"54567";"rno-miR-125b"
"589";"54619";"rno-miR-125b"
"590";"54676";"rno-miR-125b"
"591";"5471";"rno-miR-125b"
"592";"54732";"rno-miR-125b"
"593";"54785";"rno-miR-125b"
"594";"54897";"rno-miR-125b"
"595";"54926";"rno-miR-125b"
"596";"5499";"rno-miR-125b"
"597";"55007";"rno-miR-125b"
"598";"55148";"rno-miR-125b"
"599";"5515";"rno-miR-125b"
"600";"55216";"rno-miR-125b"
"601";"55262";"rno-miR-125b"
"602";"5527";"rno-miR-125b"
"603";"55298";"rno-miR-125b"
"604";"55300";"rno-miR-125b"
"605";"55544";"rno-miR-125b"
"606";"55603";"rno-miR-125b"
"607";"55625";"rno-miR-125b"
"608";"55671";"rno-miR-125b"
"609";"55684";"rno-miR-125b"
"610";"55752";"rno-miR-125b"
"611";"5648";"rno-miR-125b"
"612";"57030";"rno-miR-125b"
"613";"57120";"rno-miR-125b"
"614";"57154";"rno-miR-125b"
"615";"57161";"rno-miR-125b"
"616";"57216";"rno-miR-125b"
"617";"57406";"rno-miR-125b"
"618";"57497";"rno-miR-125b"
"619";"57509";"rno-miR-125b"
"620";"57537";"rno-miR-125b"
"621";"57648";"rno-miR-125b"
"622";"57662";"rno-miR-125b"
"623";"57698";"rno-miR-125b"
"624";"57786";"rno-miR-125b"
"625";"578";"rno-miR-125b"
"626";"5792";"rno-miR-125b"
"627";"58488";"rno-miR-125b"
"628";"5977";"rno-miR-125b"
"629";"5993";"rno-miR-125b"
"630";"6195";"rno-miR-125b"
"631";"6272";"rno-miR-125b"
"632";"6310";"rno-miR-125b"
"633";"6327";"rno-miR-125b"
"634";"6330";"rno-miR-125b"
"635";"6331";"rno-miR-125b"
"636";"6337";"rno-miR-125b"
"637";"639";"rno-miR-125b"
"638";"63941";"rno-miR-125b"
"639";"6400";"rno-miR-125b"
"640";"6431";"rno-miR-125b"
"641";"64375";"rno-miR-125b"
"642";"64418";"rno-miR-125b"
"643";"6468";"rno-miR-125b"
"644";"64708";"rno-miR-125b"
"645";"64778";"rno-miR-125b"
"646";"64793";"rno-miR-125b"
"647";"6480";"rno-miR-125b"
"648";"64837";"rno-miR-125b"
"649";"64855";"rno-miR-125b"
"650";"65084";"rno-miR-125b"
"651";"6541";"rno-miR-125b"
"652";"6543";"rno-miR-125b"
"653";"659";"rno-miR-125b"
"654";"6603";"rno-miR-125b"
"655";"6615";"rno-miR-125b"
"656";"6664";"rno-miR-125b"
"657";"6667";"rno-miR-125b"
"658";"6710";"rno-miR-125b"
"659";"6722";"rno-miR-125b"
"660";"6760";"rno-miR-125b"
"661";"6774";"rno-miR-125b"
"662";"6781";"rno-miR-125b"
"663";"6839";"rno-miR-125b"
"664";"6901";"rno-miR-125b"
"665";"6928";"rno-miR-125b"
"666";"6990";"rno-miR-125b"
"667";"6996";"rno-miR-125b"
"668";"7008";"rno-miR-125b"
"669";"7046";"rno-miR-125b"
"670";"7227";"rno-miR-125b"
"671";"7283";"rno-miR-125b"
"672";"7292";"rno-miR-125b"
"673";"7326";"rno-miR-125b"
"674";"7332";"rno-miR-125b"
"675";"7405";"rno-miR-125b"
"676";"7410";"rno-miR-125b"
"677";"7421";"rno-miR-125b"
"678";"7453";"rno-miR-125b"
"679";"7629";"rno-miR-125b"
"680";"7707";"rno-miR-125b"
"681";"7812";"rno-miR-125b"
"682";"782";"rno-miR-125b"
"683";"7903";"rno-miR-125b"
"684";"79137";"rno-miR-125b"
"685";"7922";"rno-miR-125b"
"686";"79616";"rno-miR-125b"
"687";"79623";"rno-miR-125b"
"688";"79628";"rno-miR-125b"
"689";"79679";"rno-miR-125b"
"690";"79720";"rno-miR-125b"
"691";"79754";"rno-miR-125b"
"692";"79847";"rno-miR-125b"
"693";"80019";"rno-miR-125b"
"694";"80124";"rno-miR-125b"
"695";"80325";"rno-miR-125b"
"696";"80774";"rno-miR-125b"
"697";"8079";"rno-miR-125b"
"698";"80851";"rno-miR-125b"
"699";"8091";"rno-miR-125b"
"700";"81606";"rno-miR-125b"
"701";"8165";"rno-miR-125b"
"702";"8314";"rno-miR-125b"
"703";"8396";"rno-miR-125b"
"704";"84141";"rno-miR-125b"
"705";"84285";"rno-miR-125b"
"706";"84447";"rno-miR-125b"
"707";"8463";"rno-miR-125b"
"708";"84640";"rno-miR-125b"
"709";"84641";"rno-miR-125b"
"710";"84787";"rno-miR-125b"
"711";"84913";"rno-miR-125b"
"712";"8502";"rno-miR-125b"
"713";"85403";"rno-miR-125b"
"714";"85406";"rno-miR-125b"
"715";"8567";"rno-miR-125b"
"716";"8575";"rno-miR-125b"
"717";"8625";"rno-miR-125b"
"718";"8633";"rno-miR-125b"
"719";"865";"rno-miR-125b"
"720";"8671";"rno-miR-125b"
"721";"8861";"rno-miR-125b"
"722";"8879";"rno-miR-125b"
"723";"8897";"rno-miR-125b"
"724";"8927";"rno-miR-125b"
"725";"89848";"rno-miR-125b"
"726";"89941";"rno-miR-125b"
"727";"90134";"rno-miR-125b"
"728";"90427";"rno-miR-125b"
"729";"9057";"rno-miR-125b"
"730";"90627";"rno-miR-125b"
"731";"9159";"rno-miR-125b"
"732";"9169";"rno-miR-125b"
"733";"91748";"rno-miR-125b"
"734";"92";"rno-miR-125b"
"735";"92369";"rno-miR-125b"
"736";"9253";"rno-miR-125b"
"737";"9258";"rno-miR-125b"
"738";"94241";"rno-miR-125b"
"739";"9444";"rno-miR-125b"
"740";"9462";"rno-miR-125b"
"741";"9496";"rno-miR-125b"
"742";"9507";"rno-miR-125b"
"743";"9525";"rno-miR-125b"
"744";"9545";"rno-miR-125b"
"745";"9583";"rno-miR-125b"
"746";"9592";"rno-miR-125b"
"747";"9612";"rno-miR-125b"
"748";"9695";"rno-miR-125b"
"749";"9705";"rno-miR-125b"
"750";"9715";"rno-miR-125b"
"751";"9760";"rno-miR-125b"
"752";"9771";"rno-miR-125b"
"753";"9781";"rno-miR-125b"
"754";"9796";"rno-miR-125b"
"755";"9798";"rno-miR-125b"
"756";"9802";"rno-miR-125b"
"757";"9810";"rno-miR-125b"
"758";"9813";"rno-miR-125b"
"759";"9849";"rno-miR-125b"
"760";"9870";"rno-miR-125b"
"761";"9924";"rno-miR-125b"
"762";"9948";"rno-miR-125b"
"763";"9950";"rno-miR-125b"
"764";"9991";"rno-miR-125b"
"765";"10285";"rno-miR-143"
"766";"10391";"rno-miR-143"
"767";"10477";"rno-miR-143"
"768";"10554";"rno-miR-143"
"769";"10768";"rno-miR-143"
"770";"10838";"rno-miR-143"
"771";"11057";"rno-miR-143"
"772";"11214";"rno-miR-143"
"773";"113178";"rno-miR-143"
"774";"113829";"rno-miR-143"
"775";"114991";"rno-miR-143"
"776";"115123";"rno-miR-143"
"777";"120";"rno-miR-143"
"778";"122830";"rno-miR-143"
"779";"1290";"rno-miR-143"
"780";"129642";"rno-miR-143"
"781";"131096";"rno-miR-143"
"782";"132864";"rno-miR-143"
"783";"136319";"rno-miR-143"
"784";"140459";"rno-miR-143"
"785";"1490";"rno-miR-143"
"786";"150962";"rno-miR-143"
"787";"163";"rno-miR-143"
"788";"1741";"rno-miR-143"
"789";"1831";"rno-miR-143"
"790";"1837";"rno-miR-143"
"791";"1838";"rno-miR-143"
"792";"204851";"rno-miR-143"
"793";"2065";"rno-miR-143"
"794";"2066";"rno-miR-143"
"795";"2104";"rno-miR-143"
"796";"2120";"rno-miR-143"
"797";"220441";"rno-miR-143"
"798";"2246";"rno-miR-143"
"799";"22828";"rno-miR-143"
"800";"22878";"rno-miR-143"
"801";"23198";"rno-miR-143"
"802";"23362";"rno-miR-143"
"803";"23367";"rno-miR-143"
"804";"23403";"rno-miR-143"
"805";"23435";"rno-miR-143"
"806";"25977";"rno-miR-143"
"807";"25987";"rno-miR-143"
"808";"26058";"rno-miR-143"
"809";"26505";"rno-miR-143"
"810";"27075";"rno-miR-143"
"811";"27129";"rno-miR-143"
"812";"27240";"rno-miR-143"
"813";"27327";"rno-miR-143"
"814";"27339";"rno-miR-143"
"815";"2799";"rno-miR-143"
"816";"29967";"rno-miR-143"
"817";"306";"rno-miR-143"
"818";"3145";"rno-miR-143"
"819";"3204";"rno-miR-143"
"820";"3337";"rno-miR-143"
"821";"3358";"rno-miR-143"
"822";"340533";"rno-miR-143"
"823";"3480";"rno-miR-143"
"824";"3488";"rno-miR-143"
"825";"3597";"rno-miR-143"
"826";"3655";"rno-miR-143"
"827";"3708";"rno-miR-143"
"828";"3768";"rno-miR-143"
"829";"3845";"rno-miR-143"
"830";"392307";"rno-miR-143"
"831";"3927";"rno-miR-143"
"832";"3977";"rno-miR-143"
"833";"3984";"rno-miR-143"
"834";"40";"rno-miR-143"
"835";"4081";"rno-miR-143"
"836";"4082";"rno-miR-143"
"837";"4094";"rno-miR-143"
"838";"4131";"rno-miR-143"
"839";"4168";"rno-miR-143"
"840";"4300";"rno-miR-143"
"841";"440026";"rno-miR-143"
"842";"4804";"rno-miR-143"
"843";"4836";"rno-miR-143"
"844";"4850";"rno-miR-143"
"845";"494470";"rno-miR-143"
"846";"50509";"rno-miR-143"
"847";"5091";"rno-miR-143"
"848";"51114";"rno-miR-143"
"849";"51320";"rno-miR-143"
"850";"5156";"rno-miR-143"
"851";"51727";"rno-miR-143"
"852";"51755";"rno-miR-143"
"853";"51804";"rno-miR-143"
"854";"51809";"rno-miR-143"
"855";"523";"rno-miR-143"
"856";"5230";"rno-miR-143"
"857";"54407";"rno-miR-143"
"858";"54708";"rno-miR-143"
"859";"54726";"rno-miR-143"
"860";"54994";"rno-miR-143"
"861";"55084";"rno-miR-143"
"862";"5523";"rno-miR-143"
"863";"552900";"rno-miR-143"
"864";"55799";"rno-miR-143"
"865";"5581";"rno-miR-143"
"866";"55870";"rno-miR-143"
"867";"5598";"rno-miR-143"
"868";"57157";"rno-miR-143"
"869";"57194";"rno-miR-143"
"870";"57393";"rno-miR-143"
"871";"5743";"rno-miR-143"
"872";"57685";"rno-miR-143"
"873";"58487";"rno-miR-143"
"874";"5925";"rno-miR-143"
"875";"596";"rno-miR-143"
"876";"6046";"rno-miR-143"
"877";"6049";"rno-miR-143"
"878";"636";"rno-miR-143"
"879";"64778";"rno-miR-143"
"880";"64837";"rno-miR-143"
"881";"65117";"rno-miR-143"
"882";"6603";"rno-miR-143"
"883";"6845";"rno-miR-143"
"884";"6885";"rno-miR-143"
"885";"7141";"rno-miR-143"
"886";"7227";"rno-miR-143"
"887";"7356";"rno-miR-143"
"888";"7707";"rno-miR-143"
"889";"777";"rno-miR-143"
"890";"7841";"rno-miR-143"
"891";"7879";"rno-miR-143"
"892";"78987";"rno-miR-143"
"893";"7903";"rno-miR-143"
"894";"80757";"rno-miR-143"
"895";"80762";"rno-miR-143"
"896";"81558";"rno-miR-143"
"897";"81688";"rno-miR-143"
"898";"81788";"rno-miR-143"
"899";"81832";"rno-miR-143"
"900";"84132";"rno-miR-143"
"901";"84181";"rno-miR-143"
"902";"84188";"rno-miR-143"
"903";"84258";"rno-miR-143"
"904";"8543";"rno-miR-143"
"905";"865";"rno-miR-143"
"906";"8650";"rno-miR-143"
"907";"8927";"rno-miR-143"
"908";"90249";"rno-miR-143"
"909";"90843";"rno-miR-143"
"910";"9217";"rno-miR-143"
"911";"9295";"rno-miR-143"
"912";"9344";"rno-miR-143"
"913";"9371";"rno-miR-143"
"914";"9445";"rno-miR-143"
"915";"9472";"rno-miR-143"
"916";"9480";"rno-miR-143"
"917";"9586";"rno-miR-143"
"918";"9857";"rno-miR-143"
"919";"9929";"rno-miR-143"
"920";"9945";"rno-miR-143"
"921";"9991";"rno-miR-143"
"922";"10092";"rno-miR-145"
"923";"10096";"rno-miR-145"
"924";"10163";"rno-miR-145"
"925";"10184";"rno-miR-145"
"926";"10205";"rno-miR-145"
"927";"10243";"rno-miR-145"
"928";"10276";"rno-miR-145"
"929";"10370";"rno-miR-145"
"930";"10371";"rno-miR-145"
"931";"10513";"rno-miR-145"
"932";"10521";"rno-miR-145"
"933";"10565";"rno-miR-145"
"934";"10613";"rno-miR-145"
"935";"10627";"rno-miR-145"
"936";"10659";"rno-miR-145"
"937";"1073";"rno-miR-145"
"938";"10818";"rno-miR-145"
"939";"10944";"rno-miR-145"
"940";"11030";"rno-miR-145"
"941";"11096";"rno-miR-145"
"942";"11127";"rno-miR-145"
"943";"11163";"rno-miR-145"
"944";"11176";"rno-miR-145"
"945";"1120";"rno-miR-145"
"946";"11282";"rno-miR-145"
"947";"11345";"rno-miR-145"
"948";"114789";"rno-miR-145"
"949";"114798";"rno-miR-145"
"950";"114823";"rno-miR-145"
"951";"114990";"rno-miR-145"
"952";"1176";"rno-miR-145"
"953";"120";"rno-miR-145"
"954";"124808";"rno-miR-145"
"955";"1301";"rno-miR-145"
"956";"130733";"rno-miR-145"
"957";"1447";"rno-miR-145"
"958";"1479";"rno-miR-145"
"959";"148979";"rno-miR-145"
"960";"151126";"rno-miR-145"
"961";"152330";"rno-miR-145"
"962";"1605";"rno-miR-145"
"963";"164";"rno-miR-145"
"964";"1665";"rno-miR-145"
"965";"167153";"rno-miR-145"
"966";"1808";"rno-miR-145"
"967";"1848";"rno-miR-145"
"968";"1859";"rno-miR-145"
"969";"19";"rno-miR-145"
"970";"1949";"rno-miR-145"
"971";"1974";"rno-miR-145"
"972";"1979";"rno-miR-145"
"973";"1998";"rno-miR-145"
"974";"200132";"rno-miR-145"
"975";"2077";"rno-miR-145"
"976";"2078";"rno-miR-145"
"977";"2113";"rno-miR-145"
"978";"2140";"rno-miR-145"
"979";"2175";"rno-miR-145"
"980";"2182";"rno-miR-145"
"981";"221656";"rno-miR-145"
"982";"22854";"rno-miR-145"
"983";"22862";"rno-miR-145"
"984";"2287";"rno-miR-145"
"985";"22908";"rno-miR-145"
"986";"22981";"rno-miR-145"
"987";"22999";"rno-miR-145"
"988";"2308";"rno-miR-145"
"989";"23090";"rno-miR-145"
"990";"23095";"rno-miR-145"
"991";"23108";"rno-miR-145"
"992";"23119";"rno-miR-145"
"993";"2313";"rno-miR-145"
"994";"2317";"rno-miR-145"
"995";"23185";"rno-miR-145"
"996";"23186";"rno-miR-145"
"997";"23219";"rno-miR-145"
"998";"23228";"rno-miR-145"
"999";"23231";"rno-miR-145"
"1000";"23235";"rno-miR-145"
"1001";"23321";"rno-miR-145"
"1002";"23327";"rno-miR-145"
"1003";"23362";"rno-miR-145"
"1004";"23380";"rno-miR-145"
"1005";"23414";"rno-miR-145"
"1006";"23503";"rno-miR-145"
"1007";"23767";"rno-miR-145"
"1008";"246175";"rno-miR-145"
"1009";"253738";"rno-miR-145"
"1010";"257194";"rno-miR-145"
"1011";"25831";"rno-miR-145"
"1012";"25959";"rno-miR-145"
"1013";"26053";"rno-miR-145"
"1014";"26224";"rno-miR-145"
"1015";"2686";"rno-miR-145"
"1016";"27250";"rno-miR-145"
"1017";"27436";"rno-miR-145"
"1018";"2764";"rno-miR-145"
"1019";"2782";"rno-miR-145"
"1020";"282991";"rno-miR-145"
"1021";"285";"rno-miR-145"
"1022";"29";"rno-miR-145"
"1023";"29766";"rno-miR-145"
"1024";"29907";"rno-miR-145"
"1025";"29969";"rno-miR-145"
"1026";"3014";"rno-miR-145"
"1027";"3069";"rno-miR-145"
"1028";"30837";"rno-miR-145"
"1029";"3216";"rno-miR-145"
"1030";"3480";"rno-miR-145"
"1031";"3491";"rno-miR-145"
"1032";"3667";"rno-miR-145"
"1033";"3768";"rno-miR-145"
"1034";"3837";"rno-miR-145"
"1035";"3842";"rno-miR-145"
"1036";"387338";"rno-miR-145"
"1037";"3899";"rno-miR-145"
"1038";"4076";"rno-miR-145"
"1039";"4088";"rno-miR-145"
"1040";"4094";"rno-miR-145"
"1041";"4188";"rno-miR-145"
"1042";"4215";"rno-miR-145"
"1043";"4217";"rno-miR-145"
"1044";"4296";"rno-miR-145"
"1045";"4325";"rno-miR-145"
"1046";"4613";"rno-miR-145"
"1047";"4644";"rno-miR-145"
"1048";"4673";"rno-miR-145"
"1049";"4697";"rno-miR-145"
"1050";"4739";"rno-miR-145"
"1051";"4760";"rno-miR-145"
"1052";"4779";"rno-miR-145"
"1053";"4781";"rno-miR-145"
"1054";"4982";"rno-miR-145"
"1055";"51000";"rno-miR-145"
"1056";"51105";"rno-miR-145"
"1057";"51114";"rno-miR-145"
"1058";"51196";"rno-miR-145"
"1059";"51230";"rno-miR-145"
"1060";"51232";"rno-miR-145"
"1061";"51421";"rno-miR-145"
"1062";"51430";"rno-miR-145"
"1063";"51441";"rno-miR-145"
"1064";"51552";"rno-miR-145"
"1065";"51726";"rno-miR-145"
"1066";"5218";"rno-miR-145"
"1067";"5326";"rno-miR-145"
"1068";"53349";"rno-miR-145"
"1069";"5362";"rno-miR-145"
"1070";"5376";"rno-miR-145"
"1071";"5420";"rno-miR-145"
"1072";"54407";"rno-miR-145"
"1073";"54453";"rno-miR-145"
"1074";"54464";"rno-miR-145"
"1075";"54502";"rno-miR-145"
"1076";"546";"rno-miR-145"
"1077";"54602";"rno-miR-145"
"1078";"54897";"rno-miR-145"
"1079";"54927";"rno-miR-145"
"1080";"55213";"rno-miR-145"
"1081";"55236";"rno-miR-145"
"1082";"55246";"rno-miR-145"
"1083";"55257";"rno-miR-145"
"1084";"552900";"rno-miR-145"
"1085";"5530";"rno-miR-145"
"1086";"55362";"rno-miR-145"
"1087";"55500";"rno-miR-145"
"1088";"55604";"rno-miR-145"
"1089";"55605";"rno-miR-145"
"1090";"55607";"rno-miR-145"
"1091";"55664";"rno-miR-145"
"1092";"5586";"rno-miR-145"
"1093";"56204";"rno-miR-145"
"1094";"56672";"rno-miR-145"
"1095";"56998";"rno-miR-145"
"1096";"570";"rno-miR-145"
"1097";"57018";"rno-miR-145"
"1098";"57060";"rno-miR-145"
"1099";"57118";"rno-miR-145"
"1100";"57451";"rno-miR-145"
"1101";"57478";"rno-miR-145"
"1102";"57556";"rno-miR-145"
"1103";"57579";"rno-miR-145"
"1104";"57584";"rno-miR-145"
"1105";"57645";"rno-miR-145"
"1106";"57661";"rno-miR-145"
"1107";"57669";"rno-miR-145"
"1108";"57685";"rno-miR-145"
"1109";"5878";"rno-miR-145"
"1110";"5921";"rno-miR-145"
"1111";"5922";"rno-miR-145"
"1112";"59343";"rno-miR-145"
"1113";"5980";"rno-miR-145"
"1114";"60";"rno-miR-145"
"1115";"6000";"rno-miR-145"
"1116";"6120";"rno-miR-145"
"1117";"613";"rno-miR-145"
"1118";"6198";"rno-miR-145"
"1119";"6239";"rno-miR-145"
"1120";"6242";"rno-miR-145"
"1121";"6249";"rno-miR-145"
"1122";"6311";"rno-miR-145"
"1123";"6328";"rno-miR-145"
"1124";"639";"rno-miR-145"
"1125";"64282";"rno-miR-145"
"1126";"64506";"rno-miR-145"
"1127";"64746";"rno-miR-145"
"1128";"64778";"rno-miR-145"
"1129";"6500";"rno-miR-145"
"1130";"65059";"rno-miR-145"
"1131";"6506";"rno-miR-145"
"1132";"65084";"rno-miR-145"
"1133";"651";"rno-miR-145"
"1134";"65244";"rno-miR-145"
"1135";"65264";"rno-miR-145"
"1136";"6541";"rno-miR-145"
"1137";"65986";"rno-miR-145"
"1138";"664";"rno-miR-145"
"1139";"6662";"rno-miR-145"
"1140";"6664";"rno-miR-145"
"1141";"6671";"rno-miR-145"
"1142";"6781";"rno-miR-145"
"1143";"6868";"rno-miR-145"
"1144";"688";"rno-miR-145"
"1145";"694";"rno-miR-145"
"1146";"7037";"rno-miR-145"
"1147";"7048";"rno-miR-145"
"1148";"71";"rno-miR-145"
"1149";"7105";"rno-miR-145"
"1150";"7532";"rno-miR-145"
"1151";"783";"rno-miR-145"
"1152";"79647";"rno-miR-145"
"1153";"79768";"rno-miR-145"
"1154";"80155";"rno-miR-145"
"1155";"80218";"rno-miR-145"
"1156";"80856";"rno-miR-145"
"1157";"8087";"rno-miR-145"
"1158";"81609";"rno-miR-145"
"1159";"817";"rno-miR-145"
"1160";"81846";"rno-miR-145"
"1161";"832";"rno-miR-145"
"1162";"83440";"rno-miR-145"
"1163";"83478";"rno-miR-145"
"1164";"83759";"rno-miR-145"
"1165";"8405";"rno-miR-145"
"1166";"8407";"rno-miR-145"
"1167";"84448";"rno-miR-145"
"1168";"84669";"rno-miR-145"
"1169";"84678";"rno-miR-145"
"1170";"8473";"rno-miR-145"
"1171";"84747";"rno-miR-145"
"1172";"8493";"rno-miR-145"
"1173";"865";"rno-miR-145"
"1174";"8669";"rno-miR-145"
"1175";"8671";"rno-miR-145"
"1176";"8674";"rno-miR-145"
"1177";"8675";"rno-miR-145"
"1178";"8728";"rno-miR-145"
"1179";"8927";"rno-miR-145"
"1180";"8932";"rno-miR-145"
"1181";"8945";"rno-miR-145"
"1182";"901";"rno-miR-145"
"1183";"90102";"rno-miR-145"
"1184";"9052";"rno-miR-145"
"1185";"9093";"rno-miR-145"
"1186";"91746";"rno-miR-145"
"1187";"92";"rno-miR-145"
"1188";"92126";"rno-miR-145"
"1189";"92369";"rno-miR-145"
"1190";"9314";"rno-miR-145"
"1191";"9372";"rno-miR-145"
"1192";"9444";"rno-miR-145"
"1193";"9448";"rno-miR-145"
"1194";"9478";"rno-miR-145"
"1195";"9480";"rno-miR-145"
"1196";"9519";"rno-miR-145"
"1197";"9590";"rno-miR-145"
"1198";"961";"rno-miR-145"
"1199";"9685";"rno-miR-145"
"1200";"9705";"rno-miR-145"
"1201";"9770";"rno-miR-145"
"1202";"9772";"rno-miR-145"
"1203";"9777";"rno-miR-145"
"1204";"9844";"rno-miR-145"
"1205";"9863";"rno-miR-145"
"1206";"9870";"rno-miR-145"
"1207";"9877";"rno-miR-145"
"1208";"9924";"rno-miR-145"
"1209";"9969";"rno-miR-145"
"1210";"10021";"rno-miR-18"
"1211";"10150";"rno-miR-18"
"1212";"10207";"rno-miR-18"
"1213";"10217";"rno-miR-18"
"1214";"10401";"rno-miR-18"
"1215";"10725";"rno-miR-18"
"1216";"10765";"rno-miR-18"
"1217";"10905";"rno-miR-18"
"1218";"10950";"rno-miR-18"
"1219";"11078";"rno-miR-18"
"1220";"11166";"rno-miR-18"
"1221";"11325";"rno-miR-18"
"1222";"120";"rno-miR-18"
"1223";"1490";"rno-miR-18"
"1224";"166336";"rno-miR-18"
"1225";"195828";"rno-miR-18"
"1226";"203547";"rno-miR-18"
"1227";"2036";"rno-miR-18"
"1228";"2120";"rno-miR-18"
"1229";"214";"rno-miR-18"
"1230";"22841";"rno-miR-18"
"1231";"22982";"rno-miR-18"
"1232";"22992";"rno-miR-18"
"1233";"23037";"rno-miR-18"
"1234";"23048";"rno-miR-18"
"1235";"23097";"rno-miR-18"
"1236";"23122";"rno-miR-18"
"1237";"23155";"rno-miR-18"
"1238";"23271";"rno-miR-18"
"1239";"23321";"rno-miR-18"
"1240";"23362";"rno-miR-18"
"1241";"23435";"rno-miR-18"
"1242";"23637";"rno-miR-18"
"1243";"23677";"rno-miR-18"
"1244";"2549";"rno-miR-18"
"1245";"25996";"rno-miR-18"
"1246";"26147";"rno-miR-18"
"1247";"266727";"rno-miR-18"
"1248";"27252";"rno-miR-18"
"1249";"2729";"rno-miR-18"
"1250";"27319";"rno-miR-18"
"1251";"2743";"rno-miR-18"
"1252";"285527";"rno-miR-18"
"1253";"28951";"rno-miR-18"
"1254";"2908";"rno-miR-18"
"1255";"29993";"rno-miR-18"
"1256";"3091";"rno-miR-18"
"1257";"3157";"rno-miR-18"
"1258";"3298";"rno-miR-18"
"1259";"3479";"rno-miR-18"
"1260";"3660";"rno-miR-18"
"1261";"3736";"rno-miR-18"
"1262";"3815";"rno-miR-18"
"1263";"387893";"rno-miR-18"
"1264";"399947";"rno-miR-18"
"1265";"4087";"rno-miR-18"
"1266";"4209";"rno-miR-18"
"1267";"4520";"rno-miR-18"
"1268";"4739";"rno-miR-18"
"1269";"4760";"rno-miR-18"
"1270";"51232";"rno-miR-18"
"1271";"51347";"rno-miR-18"
"1272";"51430";"rno-miR-18"
"1273";"51542";"rno-miR-18"
"1274";"51646";"rno-miR-18"
"1275";"5253";"rno-miR-18"
"1276";"5324";"rno-miR-18"
"1277";"55030";"rno-miR-18"
"1278";"55069";"rno-miR-18"
"1279";"55167";"rno-miR-18"
"1280";"55450";"rno-miR-18"
"1281";"5567";"rno-miR-18"
"1282";"55700";"rno-miR-18"
"1283";"55714";"rno-miR-18"
"1284";"55852";"rno-miR-18"
"1285";"55897";"rno-miR-18"
"1286";"56681";"rno-miR-18"
"1287";"5738";"rno-miR-18"
"1288";"57528";"rno-miR-18"
"1289";"57616";"rno-miR-18"
"1290";"57628";"rno-miR-18"
"1291";"57630";"rno-miR-18"
"1292";"5814";"rno-miR-18"
"1293";"5878";"rno-miR-18"
"1294";"6092";"rno-miR-18"
"1295";"6304";"rno-miR-18"
"1296";"6310";"rno-miR-18"
"1297";"64132";"rno-miR-18"
"1298";"64599";"rno-miR-18"
"1299";"6474";"rno-miR-18"
"1300";"64744";"rno-miR-18"
"1301";"6493";"rno-miR-18"
"1302";"65264";"rno-miR-18"
"1303";"6651";"rno-miR-18"
"1304";"6789";"rno-miR-18"
"1305";"7326";"rno-miR-18"
"1306";"7376";"rno-miR-18"
"1307";"79727";"rno-miR-18"
"1308";"79813";"rno-miR-18"
"1309";"80011";"rno-miR-18"
"1310";"80034";"rno-miR-18"
"1311";"80218";"rno-miR-18"
"1312";"80219";"rno-miR-18"
"1313";"81876";"rno-miR-18"
"1314";"84064";"rno-miR-18"
"1315";"8470";"rno-miR-18"
"1316";"84908";"rno-miR-18"
"1317";"8545";"rno-miR-18"
"1318";"861";"rno-miR-18"
"1319";"8648";"rno-miR-18"
"1320";"8926";"rno-miR-18"
"1321";"89796";"rno-miR-18"
"1322";"90355";"rno-miR-18"
"1323";"92181";"rno-miR-18"
"1324";"9376";"rno-miR-18"
"1325";"9655";"rno-miR-18"
"1326";"9873";"rno-miR-18"
"1327";"9969";"rno-miR-18"
"1328";"998";"rno-miR-18"
"1329";"9990";"rno-miR-18"
"1330";"10000";"rno-miR-181b"
"1331";"10018";"rno-miR-181b"
"1332";"10040";"rno-miR-181b"
"1333";"1012";"rno-miR-181b"
"1334";"10150";"rno-miR-181b"
"1335";"10217";"rno-miR-181b"
"1336";"10274";"rno-miR-181b"
"1337";"10296";"rno-miR-181b"
"1338";"10298";"rno-miR-181b"
"1339";"104";"rno-miR-181b"
"1340";"10401";"rno-miR-181b"
"1341";"10425";"rno-miR-181b"
"1342";"10447";"rno-miR-181b"
"1343";"10458";"rno-miR-181b"
"1344";"10479";"rno-miR-181b"
"1345";"10498";"rno-miR-181b"
"1346";"10499";"rno-miR-181b"
"1347";"10525";"rno-miR-181b"
"1348";"10554";"rno-miR-181b"
"1349";"10564";"rno-miR-181b"
"1350";"10612";"rno-miR-181b"
"1351";"10614";"rno-miR-181b"
"1352";"10643";"rno-miR-181b"
"1353";"10725";"rno-miR-181b"
"1354";"10743";"rno-miR-181b"
"1355";"10788";"rno-miR-181b"
"1356";"10915";"rno-miR-181b"
"1357";"11096";"rno-miR-181b"
"1358";"11113";"rno-miR-181b"
"1359";"11174";"rno-miR-181b"
"1360";"11176";"rno-miR-181b"
"1361";"11221";"rno-miR-181b"
"1362";"11275";"rno-miR-181b"
"1363";"113263";"rno-miR-181b"
"1364";"114789";"rno-miR-181b"
"1365";"114798";"rno-miR-181b"
"1366";"114991";"rno-miR-181b"
"1367";"115";"rno-miR-181b"
"1368";"119392";"rno-miR-181b"
"1369";"1268";"rno-miR-181b"
"1370";"129607";"rno-miR-181b"
"1371";"129642";"rno-miR-181b"
"1372";"1307";"rno-miR-181b"
"1373";"131566";"rno-miR-181b"
"1374";"1316";"rno-miR-181b"
"1375";"132204";"rno-miR-181b"
"1376";"133";"rno-miR-181b"
"1377";"134218";"rno-miR-181b"
"1378";"134548";"rno-miR-181b"
"1379";"1362";"rno-miR-181b"
"1380";"136319";"rno-miR-181b"
"1381";"1385";"rno-miR-181b"
"1382";"139170";"rno-miR-181b"
"1383";"1459";"rno-miR-181b"
"1384";"146198";"rno-miR-181b"
"1385";"1479";"rno-miR-181b"
"1386";"151963";"rno-miR-181b"
"1387";"152330";"rno-miR-181b"
"1388";"152404";"rno-miR-181b"
"1389";"153222";"rno-miR-181b"
"1390";"153830";"rno-miR-181b"
"1391";"154141";"rno-miR-181b"
"1392";"156";"rno-miR-181b"
"1393";"157922";"rno-miR-181b"
"1394";"164";"rno-miR-181b"
"1395";"1654";"rno-miR-181b"
"1396";"166336";"rno-miR-181b"
"1397";"168667";"rno-miR-181b"
"1398";"1740";"rno-miR-181b"
"1399";"1783";"rno-miR-181b"
"1400";"1808";"rno-miR-181b"
"1401";"1847";"rno-miR-181b"
"1402";"1848";"rno-miR-181b"
"1403";"1901";"rno-miR-181b"
"1404";"1958";"rno-miR-181b"
"1405";"1960";"rno-miR-181b"
"1406";"1974";"rno-miR-181b"
"1407";"1993";"rno-miR-181b"
"1408";"2006";"rno-miR-181b"
"1409";"2020";"rno-miR-181b"
"1410";"2039";"rno-miR-181b"
"1411";"2043";"rno-miR-181b"
"1412";"2045";"rno-miR-181b"
"1413";"205327";"rno-miR-181b"
"1414";"2060";"rno-miR-181b"
"1415";"2077";"rno-miR-181b"
"1416";"2078";"rno-miR-181b"
"1417";"2107";"rno-miR-181b"
"1418";"2113";"rno-miR-181b"
"1419";"2120";"rno-miR-181b"
"1420";"2180";"rno-miR-181b"
"1421";"219749";"rno-miR-181b"
"1422";"221184";"rno-miR-181b"
"1423";"221687";"rno-miR-181b"
"1424";"221895";"rno-miR-181b"
"1425";"221937";"rno-miR-181b"
"1426";"2261";"rno-miR-181b"
"1427";"2280";"rno-miR-181b"
"1428";"22822";"rno-miR-181b"
"1429";"22841";"rno-miR-181b"
"1430";"22848";"rno-miR-181b"
"1431";"22862";"rno-miR-181b"
"1432";"22903";"rno-miR-181b"
"1433";"22908";"rno-miR-181b"
"1434";"22996";"rno-miR-181b"
"1435";"22998";"rno-miR-181b"
"1436";"23022";"rno-miR-181b"
"1437";"23023";"rno-miR-181b"
"1438";"23032";"rno-miR-181b"
"1439";"23033";"rno-miR-181b"
"1440";"23077";"rno-miR-181b"
"1441";"23116";"rno-miR-181b"
"1442";"23118";"rno-miR-181b"
"1443";"23119";"rno-miR-181b"
"1444";"23125";"rno-miR-181b"
"1445";"23168";"rno-miR-181b"
"1446";"23173";"rno-miR-181b"
"1447";"23189";"rno-miR-181b"
"1448";"23199";"rno-miR-181b"
"1449";"2321";"rno-miR-181b"
"1450";"23216";"rno-miR-181b"
"1451";"23228";"rno-miR-181b"
"1452";"23255";"rno-miR-181b"
"1453";"23317";"rno-miR-181b"
"1454";"2332";"rno-miR-181b"
"1455";"23321";"rno-miR-181b"
"1456";"23345";"rno-miR-181b"
"1457";"23384";"rno-miR-181b"
"1458";"23435";"rno-miR-181b"
"1459";"23467";"rno-miR-181b"
"1460";"23469";"rno-miR-181b"
"1461";"23492";"rno-miR-181b"
"1462";"23527";"rno-miR-181b"
"1463";"23774";"rno-miR-181b"
"1464";"246175";"rno-miR-181b"
"1465";"253738";"rno-miR-181b"
"1466";"254170";"rno-miR-181b"
"1467";"2554";"rno-miR-181b"
"1468";"256691";"rno-miR-181b"
"1469";"256714";"rno-miR-181b"
"1470";"257194";"rno-miR-181b"
"1471";"25836";"rno-miR-181b"
"1472";"25841";"rno-miR-181b"
"1473";"25890";"rno-miR-181b"
"1474";"26031";"rno-miR-181b"
"1475";"26039";"rno-miR-181b"
"1476";"26118";"rno-miR-181b"
"1477";"26122";"rno-miR-181b"
"1478";"26130";"rno-miR-181b"
"1479";"26225";"rno-miR-181b"
"1480";"2627";"rno-miR-181b"
"1481";"26585";"rno-miR-181b"
"1482";"266812";"rno-miR-181b"
"1483";"2683";"rno-miR-181b"
"1484";"27020";"rno-miR-181b"
"1485";"27069";"rno-miR-181b"
"1486";"27086";"rno-miR-181b"
"1487";"27125";"rno-miR-181b"
"1488";"27250";"rno-miR-181b"
"1489";"2744";"rno-miR-181b"
"1490";"2764";"rno-miR-181b"
"1491";"2770";"rno-miR-181b"
"1492";"2775";"rno-miR-181b"
"1493";"2800";"rno-miR-181b"
"1494";"2820";"rno-miR-181b"
"1495";"2823";"rno-miR-181b"
"1496";"284161";"rno-miR-181b"
"1497";"284612";"rno-miR-181b"
"1498";"285172";"rno-miR-181b"
"1499";"285527";"rno-miR-181b"
"1500";"2870";"rno-miR-181b"
"1501";"2872";"rno-miR-181b"
"1502";"2887";"rno-miR-181b"
"1503";"2891";"rno-miR-181b"
"1504";"2892";"rno-miR-181b"
"1505";"2898";"rno-miR-181b"
"1506";"28999";"rno-miR-181b"
"1507";"2908";"rno-miR-181b"
"1508";"29967";"rno-miR-181b"
"1509";"29970";"rno-miR-181b"
"1510";"29994";"rno-miR-181b"
"1511";"3131";"rno-miR-181b"
"1512";"3146";"rno-miR-181b"
"1513";"3187";"rno-miR-181b"
"1514";"3190";"rno-miR-181b"
"1515";"3198";"rno-miR-181b"
"1516";"3207";"rno-miR-181b"
"1517";"3218";"rno-miR-181b"
"1518";"3224";"rno-miR-181b"
"1519";"3267";"rno-miR-181b"
"1520";"3309";"rno-miR-181b"
"1521";"340533";"rno-miR-181b"
"1522";"3491";"rno-miR-181b"
"1523";"3552";"rno-miR-181b"
"1524";"3609";"rno-miR-181b"
"1525";"3617";"rno-miR-181b"
"1526";"3632";"rno-miR-181b"
"1527";"3675";"rno-miR-181b"
"1528";"376940";"rno-miR-181b"
"1529";"377";"rno-miR-181b"
"1530";"3778";"rno-miR-181b"
"1531";"3800";"rno-miR-181b"
"1532";"3836";"rno-miR-181b"
"1533";"3837";"rno-miR-181b"
"1534";"3842";"rno-miR-181b"
"1535";"3843";"rno-miR-181b"
"1536";"388272";"rno-miR-181b"
"1537";"3930";"rno-miR-181b"
"1538";"3976";"rno-miR-181b"
"1539";"4026";"rno-miR-181b"
"1540";"403";"rno-miR-181b"
"1541";"4038";"rno-miR-181b"
"1542";"4082";"rno-miR-181b"
"1543";"4092";"rno-miR-181b"
"1544";"41";"rno-miR-181b"
"1545";"4130";"rno-miR-181b"
"1546";"4131";"rno-miR-181b"
"1547";"4137";"rno-miR-181b"
"1548";"4144";"rno-miR-181b"
"1549";"4204";"rno-miR-181b"
"1550";"4215";"rno-miR-181b"
"1551";"4247";"rno-miR-181b"
"1552";"4284";"rno-miR-181b"
"1553";"4286";"rno-miR-181b"
"1554";"4323";"rno-miR-181b"
"1555";"4520";"rno-miR-181b"
"1556";"4628";"rno-miR-181b"
"1557";"463";"rno-miR-181b"
"1558";"4641";"rno-miR-181b"
"1559";"4660";"rno-miR-181b"
"1560";"4664";"rno-miR-181b"
"1561";"4781";"rno-miR-181b"
"1562";"481";"rno-miR-181b"
"1563";"488";"rno-miR-181b"
"1564";"490";"rno-miR-181b"
"1565";"491";"rno-miR-181b"
"1566";"4982";"rno-miR-181b"
"1567";"5048";"rno-miR-181b"
"1568";"50488";"rno-miR-181b"
"1569";"5066";"rno-miR-181b"
"1570";"5074";"rno-miR-181b"
"1571";"5090";"rno-miR-181b"
"1572";"50937";"rno-miR-181b"
"1573";"50999";"rno-miR-181b"
"1574";"51060";"rno-miR-181b"
"1575";"51088";"rno-miR-181b"
"1576";"51100";"rno-miR-181b"
"1577";"51105";"rno-miR-181b"
"1578";"51232";"rno-miR-181b"
"1579";"5128";"rno-miR-181b"
"1580";"51306";"rno-miR-181b"
"1581";"51312";"rno-miR-181b"
"1582";"51320";"rno-miR-181b"
"1583";"51422";"rno-miR-181b"
"1584";"51441";"rno-miR-181b"
"1585";"51479";"rno-miR-181b"
"1586";"51523";"rno-miR-181b"
"1587";"51527";"rno-miR-181b"
"1588";"5156";"rno-miR-181b"
"1589";"5166";"rno-miR-181b"
"1590";"51696";"rno-miR-181b"
"1591";"51701";"rno-miR-181b"
"1592";"51804";"rno-miR-181b"
"1593";"5205";"rno-miR-181b"
"1594";"5253";"rno-miR-181b"
"1595";"5324";"rno-miR-181b"
"1596";"53335";"rno-miR-181b"
"1597";"5358";"rno-miR-181b"
"1598";"53944";"rno-miR-181b"
"1599";"54014";"rno-miR-181b"
"1600";"5412";"rno-miR-181b"
"1601";"54165";"rno-miR-181b"
"1602";"5420";"rno-miR-181b"
"1603";"54207";"rno-miR-181b"
"1604";"54407";"rno-miR-181b"
"1605";"54453";"rno-miR-181b"
"1606";"54462";"rno-miR-181b"
"1607";"54469";"rno-miR-181b"
"1608";"54502";"rno-miR-181b"
"1609";"5452";"rno-miR-181b"
"1610";"54566";"rno-miR-181b"
"1611";"54619";"rno-miR-181b"
"1612";"5465";"rno-miR-181b"
"1613";"54665";"rno-miR-181b"
"1614";"54726";"rno-miR-181b"
"1615";"54796";"rno-miR-181b"
"1616";"54805";"rno-miR-181b"
"1617";"54812";"rno-miR-181b"
"1618";"54842";"rno-miR-181b"
"1619";"54898";"rno-miR-181b"
"1620";"5495";"rno-miR-181b"
"1621";"5500";"rno-miR-181b"
"1622";"55107";"rno-miR-181b"
"1623";"55111";"rno-miR-181b"
"1624";"55269";"rno-miR-181b"
"1625";"55300";"rno-miR-181b"
"1626";"55327";"rno-miR-181b"
"1627";"5534";"rno-miR-181b"
"1628";"55361";"rno-miR-181b"
"1629";"55435";"rno-miR-181b"
"1630";"55500";"rno-miR-181b"
"1631";"55553";"rno-miR-181b"
"1632";"55602";"rno-miR-181b"
"1633";"55603";"rno-miR-181b"
"1634";"55619";"rno-miR-181b"
"1635";"55625";"rno-miR-181b"
"1636";"55629";"rno-miR-181b"
"1637";"55636";"rno-miR-181b"
"1638";"55654";"rno-miR-181b"
"1639";"55696";"rno-miR-181b"
"1640";"55719";"rno-miR-181b"
"1641";"55740";"rno-miR-181b"
"1642";"55749";"rno-miR-181b"
"1643";"5580";"rno-miR-181b"
"1644";"5581";"rno-miR-181b"
"1645";"5586";"rno-miR-181b"
"1646";"55885";"rno-miR-181b"
"1647";"55900";"rno-miR-181b"
"1648";"55917";"rno-miR-181b"
"1649";"5594";"rno-miR-181b"
"1650";"55964";"rno-miR-181b"
"1651";"5604";"rno-miR-181b"
"1652";"56134";"rno-miR-181b"
"1653";"5629";"rno-miR-181b"
"1654";"5660";"rno-miR-181b"
"1655";"56623";"rno-miR-181b"
"1656";"56674";"rno-miR-181b"
"1657";"56889";"rno-miR-181b"
"1658";"56900";"rno-miR-181b"
"1659";"56907";"rno-miR-181b"
"1660";"56946";"rno-miR-181b"
"1661";"56963";"rno-miR-181b"
"1662";"570";"rno-miR-181b"
"1663";"57092";"rno-miR-181b"
"1664";"57148";"rno-miR-181b"
"1665";"57157";"rno-miR-181b"
"1666";"57198";"rno-miR-181b"
"1667";"5728";"rno-miR-181b"
"1668";"57452";"rno-miR-181b"
"1669";"57494";"rno-miR-181b"
"1670";"57568";"rno-miR-181b"
"1671";"57619";"rno-miR-181b"
"1672";"57620";"rno-miR-181b"
"1673";"57628";"rno-miR-181b"
"1674";"57633";"rno-miR-181b"
"1675";"577";"rno-miR-181b"
"1676";"57715";"rno-miR-181b"
"1677";"5814";"rno-miR-181b"
"1678";"58487";"rno-miR-181b"
"1679";"58508";"rno-miR-181b"
"1680";"58517";"rno-miR-181b"
"1681";"5866";"rno-miR-181b"
"1682";"5885";"rno-miR-181b"
"1683";"5898";"rno-miR-181b"
"1684";"5901";"rno-miR-181b"
"1685";"5908";"rno-miR-181b"
"1686";"5931";"rno-miR-181b"
"1687";"59343";"rno-miR-181b"
"1688";"596";"rno-miR-181b"
"1689";"6018";"rno-miR-181b"
"1690";"604";"rno-miR-181b"
"1691";"6049";"rno-miR-181b"
"1692";"60592";"rno-miR-181b"
"1693";"607";"rno-miR-181b"
"1694";"6092";"rno-miR-181b"
"1695";"6096";"rno-miR-181b"
"1696";"610";"rno-miR-181b"
"1697";"613";"rno-miR-181b"
"1698";"6197";"rno-miR-181b"
"1699";"6198";"rno-miR-181b"
"1700";"6249";"rno-miR-181b"
"1701";"6310";"rno-miR-181b"
"1702";"6400";"rno-miR-181b"
"1703";"64062";"rno-miR-181b"
"1704";"64131";"rno-miR-181b"
"1705";"64282";"rno-miR-181b"
"1706";"6432";"rno-miR-181b"
"1707";"64418";"rno-miR-181b"
"1708";"6453";"rno-miR-181b"
"1709";"64599";"rno-miR-181b"
"1710";"64766";"rno-miR-181b"
"1711";"64769";"rno-miR-181b"
"1712";"64778";"rno-miR-181b"
"1713";"64895";"rno-miR-181b"
"1714";"65056";"rno-miR-181b"
"1715";"651";"rno-miR-181b"
"1716";"6515";"rno-miR-181b"
"1717";"659";"rno-miR-181b"
"1718";"65977";"rno-miR-181b"
"1719";"66008";"rno-miR-181b"
"1720";"66036";"rno-miR-181b"
"1721";"6733";"rno-miR-181b"
"1722";"6781";"rno-miR-181b"
"1723";"7046";"rno-miR-181b"
"1724";"7068";"rno-miR-181b"
"1725";"7078";"rno-miR-181b"
"1726";"7141";"rno-miR-181b"
"1727";"7184";"rno-miR-181b"
"1728";"7320";"rno-miR-181b"
"1729";"7342";"rno-miR-181b"
"1730";"7528";"rno-miR-181b"
"1731";"7532";"rno-miR-181b"
"1732";"7546";"rno-miR-181b"
"1733";"7703";"rno-miR-181b"
"1734";"7763";"rno-miR-181b"
"1735";"7798";"rno-miR-181b"
"1736";"783";"rno-miR-181b"
"1737";"7871";"rno-miR-181b"
"1738";"79018";"rno-miR-181b"
"1739";"7903";"rno-miR-181b"
"1740";"7913";"rno-miR-181b"
"1741";"79139";"rno-miR-181b"
"1742";"79577";"rno-miR-181b"
"1743";"79718";"rno-miR-181b"
"1744";"79727";"rno-miR-181b"
"1745";"79776";"rno-miR-181b"
"1746";"79888";"rno-miR-181b"
"1747";"8013";"rno-miR-181b"
"1748";"80155";"rno-miR-181b"
"1749";"80196";"rno-miR-181b"
"1750";"80204";"rno-miR-181b"
"1751";"80205";"rno-miR-181b"
"1752";"80218";"rno-miR-181b"
"1753";"80262";"rno-miR-181b"
"1754";"8050";"rno-miR-181b"
"1755";"8065";"rno-miR-181b"
"1756";"81688";"rno-miR-181b"
"1757";"818";"rno-miR-181b"
"1758";"81848";"rno-miR-181b"
"1759";"8301";"rno-miR-181b"
"1760";"83988";"rno-miR-181b"
"1761";"83992";"rno-miR-181b"
"1762";"84067";"rno-miR-181b"
"1763";"84132";"rno-miR-181b"
"1764";"84159";"rno-miR-181b"
"1765";"84258";"rno-miR-181b"
"1766";"8434";"rno-miR-181b"
"1767";"84343";"rno-miR-181b"
"1768";"8439";"rno-miR-181b"
"1769";"84433";"rno-miR-181b"
"1770";"8452";"rno-miR-181b"
"1771";"84541";"rno-miR-181b"
"1772";"8473";"rno-miR-181b"
"1773";"8476";"rno-miR-181b"
"1774";"84895";"rno-miR-181b"
"1775";"8500";"rno-miR-181b"
"1776";"8503";"rno-miR-181b"
"1777";"85364";"rno-miR-181b"
"1778";"85440";"rno-miR-181b"
"1779";"8545";"rno-miR-181b"
"1780";"8553";"rno-miR-181b"
"1781";"8577";"rno-miR-181b"
"1782";"8600";"rno-miR-181b"
"1783";"861";"rno-miR-181b"
"1784";"8613";"rno-miR-181b"
"1785";"863";"rno-miR-181b"
"1786";"868";"rno-miR-181b"
"1787";"8726";"rno-miR-181b"
"1788";"8731";"rno-miR-181b"
"1789";"8766";"rno-miR-181b"
"1790";"8812";"rno-miR-181b"
"1791";"8850";"rno-miR-181b"
"1792";"8864";"rno-miR-181b"
"1793";"8874";"rno-miR-181b"
"1794";"90249";"rno-miR-181b"
"1795";"9093";"rno-miR-181b"
"1796";"90957";"rno-miR-181b"
"1797";"9108";"rno-miR-181b"
"1798";"9139";"rno-miR-181b"
"1799";"91461";"rno-miR-181b"
"1800";"91746";"rno-miR-181b"
"1801";"91748";"rno-miR-181b"
"1802";"92";"rno-miR-181b"
"1803";"920";"rno-miR-181b"
"1804";"9228";"rno-miR-181b"
"1805";"9241";"rno-miR-181b"
"1806";"93";"rno-miR-181b"
"1807";"9332";"rno-miR-181b"
"1808";"9371";"rno-miR-181b"
"1809";"9378";"rno-miR-181b"
"1810";"9397";"rno-miR-181b"
"1811";"9425";"rno-miR-181b"
"1812";"9444";"rno-miR-181b"
"1813";"9448";"rno-miR-181b"
"1814";"9472";"rno-miR-181b"
"1815";"9474";"rno-miR-181b"
"1816";"9480";"rno-miR-181b"
"1817";"9491";"rno-miR-181b"
"1818";"9510";"rno-miR-181b"
"1819";"9519";"rno-miR-181b"
"1820";"9520";"rno-miR-181b"
"1821";"9543";"rno-miR-181b"
"1822";"9632";"rno-miR-181b"
"1823";"9686";"rno-miR-181b"
"1824";"969";"rno-miR-181b"
"1825";"9698";"rno-miR-181b"
"1826";"9745";"rno-miR-181b"
"1827";"9760";"rno-miR-181b"
"1828";"9772";"rno-miR-181b"
"1829";"9774";"rno-miR-181b"
"1830";"9777";"rno-miR-181b"
"1831";"9792";"rno-miR-181b"
"1832";"9802";"rno-miR-181b"
"1833";"9847";"rno-miR-181b"
"1834";"9877";"rno-miR-181b"
"1835";"9882";"rno-miR-181b"
"1836";"9915";"rno-miR-181b"
"1837";"9991";"rno-miR-181b"
"1838";"10000";"rno-miR-181c"
"1839";"10018";"rno-miR-181c"
"1840";"10040";"rno-miR-181c"
"1841";"1012";"rno-miR-181c"
"1842";"10150";"rno-miR-181c"
"1843";"10217";"rno-miR-181c"
"1844";"10274";"rno-miR-181c"
"1845";"10296";"rno-miR-181c"
"1846";"10298";"rno-miR-181c"
"1847";"104";"rno-miR-181c"
"1848";"10401";"rno-miR-181c"
"1849";"10425";"rno-miR-181c"
"1850";"10447";"rno-miR-181c"
"1851";"10458";"rno-miR-181c"
"1852";"10479";"rno-miR-181c"
"1853";"10498";"rno-miR-181c"
"1854";"10499";"rno-miR-181c"
"1855";"10525";"rno-miR-181c"
"1856";"10554";"rno-miR-181c"
"1857";"10564";"rno-miR-181c"
"1858";"10612";"rno-miR-181c"
"1859";"10614";"rno-miR-181c"
"1860";"10643";"rno-miR-181c"
"1861";"10725";"rno-miR-181c"
"1862";"10743";"rno-miR-181c"
"1863";"10788";"rno-miR-181c"
"1864";"10915";"rno-miR-181c"
"1865";"11096";"rno-miR-181c"
"1866";"11113";"rno-miR-181c"
"1867";"11174";"rno-miR-181c"
"1868";"11176";"rno-miR-181c"
"1869";"11221";"rno-miR-181c"
"1870";"11275";"rno-miR-181c"
"1871";"113263";"rno-miR-181c"
"1872";"114789";"rno-miR-181c"
"1873";"114798";"rno-miR-181c"
"1874";"114991";"rno-miR-181c"
"1875";"115";"rno-miR-181c"
"1876";"119392";"rno-miR-181c"
"1877";"1268";"rno-miR-181c"
"1878";"129607";"rno-miR-181c"
"1879";"129642";"rno-miR-181c"
"1880";"1307";"rno-miR-181c"
"1881";"131566";"rno-miR-181c"
"1882";"1316";"rno-miR-181c"
"1883";"132204";"rno-miR-181c"
"1884";"133";"rno-miR-181c"
"1885";"134218";"rno-miR-181c"
"1886";"134548";"rno-miR-181c"
"1887";"1362";"rno-miR-181c"
"1888";"136319";"rno-miR-181c"
"1889";"1385";"rno-miR-181c"
"1890";"139170";"rno-miR-181c"
"1891";"1459";"rno-miR-181c"
"1892";"146198";"rno-miR-181c"
"1893";"1479";"rno-miR-181c"
"1894";"151963";"rno-miR-181c"
"1895";"152330";"rno-miR-181c"
"1896";"152404";"rno-miR-181c"
"1897";"153222";"rno-miR-181c"
"1898";"153830";"rno-miR-181c"
"1899";"154141";"rno-miR-181c"
"1900";"156";"rno-miR-181c"
"1901";"157922";"rno-miR-181c"
"1902";"164";"rno-miR-181c"
"1903";"1654";"rno-miR-181c"
"1904";"166336";"rno-miR-181c"
"1905";"168667";"rno-miR-181c"
"1906";"1740";"rno-miR-181c"
"1907";"1783";"rno-miR-181c"
"1908";"1808";"rno-miR-181c"
"1909";"1847";"rno-miR-181c"
"1910";"1848";"rno-miR-181c"
"1911";"1901";"rno-miR-181c"
"1912";"1958";"rno-miR-181c"
"1913";"1960";"rno-miR-181c"
"1914";"1974";"rno-miR-181c"
"1915";"1993";"rno-miR-181c"
"1916";"2006";"rno-miR-181c"
"1917";"2020";"rno-miR-181c"
"1918";"2039";"rno-miR-181c"
"1919";"2043";"rno-miR-181c"
"1920";"2045";"rno-miR-181c"
"1921";"205327";"rno-miR-181c"
"1922";"2060";"rno-miR-181c"
"1923";"2077";"rno-miR-181c"
"1924";"2078";"rno-miR-181c"
"1925";"2107";"rno-miR-181c"
"1926";"2113";"rno-miR-181c"
"1927";"2120";"rno-miR-181c"
"1928";"2180";"rno-miR-181c"
"1929";"219749";"rno-miR-181c"
"1930";"221184";"rno-miR-181c"
"1931";"221687";"rno-miR-181c"
"1932";"221895";"rno-miR-181c"
"1933";"221937";"rno-miR-181c"
"1934";"2261";"rno-miR-181c"
"1935";"2280";"rno-miR-181c"
"1936";"22822";"rno-miR-181c"
"1937";"22841";"rno-miR-181c"
"1938";"22848";"rno-miR-181c"
"1939";"22862";"rno-miR-181c"
"1940";"22903";"rno-miR-181c"
"1941";"22908";"rno-miR-181c"
"1942";"22996";"rno-miR-181c"
"1943";"22998";"rno-miR-181c"
"1944";"23022";"rno-miR-181c"
"1945";"23023";"rno-miR-181c"
"1946";"23032";"rno-miR-181c"
"1947";"23033";"rno-miR-181c"
"1948";"23077";"rno-miR-181c"
"1949";"23116";"rno-miR-181c"
"1950";"23118";"rno-miR-181c"
"1951";"23119";"rno-miR-181c"
"1952";"23125";"rno-miR-181c"
"1953";"23168";"rno-miR-181c"
"1954";"23173";"rno-miR-181c"
"1955";"23189";"rno-miR-181c"
"1956";"23199";"rno-miR-181c"
"1957";"2321";"rno-miR-181c"
"1958";"23216";"rno-miR-181c"
"1959";"23228";"rno-miR-181c"
"1960";"23255";"rno-miR-181c"
"1961";"23317";"rno-miR-181c"
"1962";"2332";"rno-miR-181c"
"1963";"23321";"rno-miR-181c"
"1964";"23345";"rno-miR-181c"
"1965";"23384";"rno-miR-181c"
"1966";"23435";"rno-miR-181c"
"1967";"23467";"rno-miR-181c"
"1968";"23469";"rno-miR-181c"
"1969";"23492";"rno-miR-181c"
"1970";"23527";"rno-miR-181c"
"1971";"23774";"rno-miR-181c"
"1972";"246175";"rno-miR-181c"
"1973";"253738";"rno-miR-181c"
"1974";"254170";"rno-miR-181c"
"1975";"2554";"rno-miR-181c"
"1976";"256691";"rno-miR-181c"
"1977";"256714";"rno-miR-181c"
"1978";"257194";"rno-miR-181c"
"1979";"25836";"rno-miR-181c"
"1980";"25841";"rno-miR-181c"
"1981";"25890";"rno-miR-181c"
"1982";"26031";"rno-miR-181c"
"1983";"26039";"rno-miR-181c"
"1984";"26118";"rno-miR-181c"
"1985";"26122";"rno-miR-181c"
"1986";"26130";"rno-miR-181c"
"1987";"26225";"rno-miR-181c"
"1988";"2627";"rno-miR-181c"
"1989";"26585";"rno-miR-181c"
"1990";"266812";"rno-miR-181c"
"1991";"2683";"rno-miR-181c"
"1992";"27020";"rno-miR-181c"
"1993";"27069";"rno-miR-181c"
"1994";"27086";"rno-miR-181c"
"1995";"27125";"rno-miR-181c"
"1996";"27250";"rno-miR-181c"
"1997";"2744";"rno-miR-181c"
"1998";"2764";"rno-miR-181c"
"1999";"2770";"rno-miR-181c"
"2000";"2775";"rno-miR-181c"
"2001";"2800";"rno-miR-181c"
"2002";"2820";"rno-miR-181c"
"2003";"2823";"rno-miR-181c"
"2004";"284161";"rno-miR-181c"
"2005";"284612";"rno-miR-181c"
"2006";"285172";"rno-miR-181c"
"2007";"285527";"rno-miR-181c"
"2008";"2870";"rno-miR-181c"
"2009";"2872";"rno-miR-181c"
"2010";"2887";"rno-miR-181c"
"2011";"2891";"rno-miR-181c"
"2012";"2892";"rno-miR-181c"
"2013";"2898";"rno-miR-181c"
"2014";"28999";"rno-miR-181c"
"2015";"2908";"rno-miR-181c"
"2016";"29967";"rno-miR-181c"
"2017";"29970";"rno-miR-181c"
"2018";"29994";"rno-miR-181c"
"2019";"3131";"rno-miR-181c"
"2020";"3146";"rno-miR-181c"
"2021";"3187";"rno-miR-181c"
"2022";"3190";"rno-miR-181c"
"2023";"3198";"rno-miR-181c"
"2024";"3207";"rno-miR-181c"
"2025";"3218";"rno-miR-181c"
"2026";"3224";"rno-miR-181c"
"2027";"3267";"rno-miR-181c"
"2028";"3309";"rno-miR-181c"
"2029";"340533";"rno-miR-181c"
"2030";"3491";"rno-miR-181c"
"2031";"3552";"rno-miR-181c"
"2032";"3609";"rno-miR-181c"
"2033";"3617";"rno-miR-181c"
"2034";"3632";"rno-miR-181c"
"2035";"3675";"rno-miR-181c"
"2036";"376940";"rno-miR-181c"
"2037";"377";"rno-miR-181c"
"2038";"3778";"rno-miR-181c"
"2039";"3800";"rno-miR-181c"
"2040";"3836";"rno-miR-181c"
"2041";"3837";"rno-miR-181c"
"2042";"3842";"rno-miR-181c"
"2043";"3843";"rno-miR-181c"
"2044";"388272";"rno-miR-181c"
"2045";"3930";"rno-miR-181c"
"2046";"3976";"rno-miR-181c"
"2047";"4026";"rno-miR-181c"
"2048";"403";"rno-miR-181c"
"2049";"4038";"rno-miR-181c"
"2050";"4082";"rno-miR-181c"
"2051";"4092";"rno-miR-181c"
"2052";"41";"rno-miR-181c"
"2053";"4130";"rno-miR-181c"
"2054";"4131";"rno-miR-181c"
"2055";"4137";"rno-miR-181c"
"2056";"4144";"rno-miR-181c"
"2057";"4204";"rno-miR-181c"
"2058";"4215";"rno-miR-181c"
"2059";"4247";"rno-miR-181c"
"2060";"4284";"rno-miR-181c"
"2061";"4286";"rno-miR-181c"
"2062";"4323";"rno-miR-181c"
"2063";"4520";"rno-miR-181c"
"2064";"4628";"rno-miR-181c"
"2065";"463";"rno-miR-181c"
"2066";"4641";"rno-miR-181c"
"2067";"4660";"rno-miR-181c"
"2068";"4664";"rno-miR-181c"
"2069";"4781";"rno-miR-181c"
"2070";"481";"rno-miR-181c"
"2071";"488";"rno-miR-181c"
"2072";"490";"rno-miR-181c"
"2073";"491";"rno-miR-181c"
"2074";"4982";"rno-miR-181c"
"2075";"5048";"rno-miR-181c"
"2076";"50488";"rno-miR-181c"
"2077";"5066";"rno-miR-181c"
"2078";"5074";"rno-miR-181c"
"2079";"5090";"rno-miR-181c"
"2080";"50937";"rno-miR-181c"
"2081";"50999";"rno-miR-181c"
"2082";"51060";"rno-miR-181c"
"2083";"51088";"rno-miR-181c"
"2084";"51100";"rno-miR-181c"
"2085";"51105";"rno-miR-181c"
"2086";"51232";"rno-miR-181c"
"2087";"5128";"rno-miR-181c"
"2088";"51306";"rno-miR-181c"
"2089";"51312";"rno-miR-181c"
"2090";"51320";"rno-miR-181c"
"2091";"51422";"rno-miR-181c"
"2092";"51441";"rno-miR-181c"
"2093";"51479";"rno-miR-181c"
"2094";"51523";"rno-miR-181c"
"2095";"51527";"rno-miR-181c"
"2096";"5156";"rno-miR-181c"
"2097";"5166";"rno-miR-181c"
"2098";"51696";"rno-miR-181c"
"2099";"51701";"rno-miR-181c"
"2100";"51804";"rno-miR-181c"
"2101";"5205";"rno-miR-181c"
"2102";"5253";"rno-miR-181c"
"2103";"5324";"rno-miR-181c"
"2104";"53335";"rno-miR-181c"
"2105";"5358";"rno-miR-181c"
"2106";"53944";"rno-miR-181c"
"2107";"54014";"rno-miR-181c"
"2108";"5412";"rno-miR-181c"
"2109";"54165";"rno-miR-181c"
"2110";"5420";"rno-miR-181c"
"2111";"54207";"rno-miR-181c"
"2112";"54407";"rno-miR-181c"
"2113";"54453";"rno-miR-181c"
"2114";"54462";"rno-miR-181c"
"2115";"54469";"rno-miR-181c"
"2116";"54502";"rno-miR-181c"
"2117";"5452";"rno-miR-181c"
"2118";"54566";"rno-miR-181c"
"2119";"54619";"rno-miR-181c"
"2120";"5465";"rno-miR-181c"
"2121";"54665";"rno-miR-181c"
"2122";"54726";"rno-miR-181c"
"2123";"54796";"rno-miR-181c"
"2124";"54805";"rno-miR-181c"
"2125";"54812";"rno-miR-181c"
"2126";"54842";"rno-miR-181c"
"2127";"54898";"rno-miR-181c"
"2128";"5495";"rno-miR-181c"
"2129";"5500";"rno-miR-181c"
"2130";"55107";"rno-miR-181c"
"2131";"55111";"rno-miR-181c"
"2132";"55269";"rno-miR-181c"
"2133";"55300";"rno-miR-181c"
"2134";"55327";"rno-miR-181c"
"2135";"5534";"rno-miR-181c"
"2136";"55361";"rno-miR-181c"
"2137";"55435";"rno-miR-181c"
"2138";"55500";"rno-miR-181c"
"2139";"55553";"rno-miR-181c"
"2140";"55602";"rno-miR-181c"
"2141";"55603";"rno-miR-181c"
"2142";"55619";"rno-miR-181c"
"2143";"55625";"rno-miR-181c"
"2144";"55629";"rno-miR-181c"
"2145";"55636";"rno-miR-181c"
"2146";"55654";"rno-miR-181c"
"2147";"55696";"rno-miR-181c"
"2148";"55719";"rno-miR-181c"
"2149";"55740";"rno-miR-181c"
"2150";"55749";"rno-miR-181c"
"2151";"5580";"rno-miR-181c"
"2152";"5581";"rno-miR-181c"
"2153";"5586";"rno-miR-181c"
"2154";"55885";"rno-miR-181c"
"2155";"55900";"rno-miR-181c"
"2156";"55917";"rno-miR-181c"
"2157";"5594";"rno-miR-181c"
"2158";"55964";"rno-miR-181c"
"2159";"5604";"rno-miR-181c"
"2160";"56134";"rno-miR-181c"
"2161";"5629";"rno-miR-181c"
"2162";"5660";"rno-miR-181c"
"2163";"56623";"rno-miR-181c"
"2164";"56674";"rno-miR-181c"
"2165";"56889";"rno-miR-181c"
"2166";"56900";"rno-miR-181c"
"2167";"56907";"rno-miR-181c"
"2168";"56946";"rno-miR-181c"
"2169";"56963";"rno-miR-181c"
"2170";"570";"rno-miR-181c"
"2171";"57092";"rno-miR-181c"
"2172";"57148";"rno-miR-181c"
"2173";"57157";"rno-miR-181c"
"2174";"57198";"rno-miR-181c"
"2175";"5728";"rno-miR-181c"
"2176";"57452";"rno-miR-181c"
"2177";"57494";"rno-miR-181c"
"2178";"57568";"rno-miR-181c"
"2179";"57619";"rno-miR-181c"
"2180";"57620";"rno-miR-181c"
"2181";"57628";"rno-miR-181c"
"2182";"57633";"rno-miR-181c"
"2183";"577";"rno-miR-181c"
"2184";"57715";"rno-miR-181c"
"2185";"5814";"rno-miR-181c"
"2186";"58487";"rno-miR-181c"
"2187";"58508";"rno-miR-181c"
"2188";"58517";"rno-miR-181c"
"2189";"5866";"rno-miR-181c"
"2190";"5885";"rno-miR-181c"
"2191";"5898";"rno-miR-181c"
"2192";"5901";"rno-miR-181c"
"2193";"5908";"rno-miR-181c"
"2194";"5931";"rno-miR-181c"
"2195";"59343";"rno-miR-181c"
"2196";"596";"rno-miR-181c"
"2197";"6018";"rno-miR-181c"
"2198";"604";"rno-miR-181c"
"2199";"6049";"rno-miR-181c"
"2200";"60592";"rno-miR-181c"
"2201";"607";"rno-miR-181c"
"2202";"6092";"rno-miR-181c"
"2203";"6096";"rno-miR-181c"
"2204";"610";"rno-miR-181c"
"2205";"613";"rno-miR-181c"
"2206";"6197";"rno-miR-181c"
"2207";"6198";"rno-miR-181c"
"2208";"6249";"rno-miR-181c"
"2209";"6310";"rno-miR-181c"
"2210";"6400";"rno-miR-181c"
"2211";"64062";"rno-miR-181c"
"2212";"64131";"rno-miR-181c"
"2213";"64282";"rno-miR-181c"
"2214";"6432";"rno-miR-181c"
"2215";"64418";"rno-miR-181c"
"2216";"6453";"rno-miR-181c"
"2217";"64599";"rno-miR-181c"
"2218";"64766";"rno-miR-181c"
"2219";"64769";"rno-miR-181c"
"2220";"64778";"rno-miR-181c"
"2221";"64895";"rno-miR-181c"
"2222";"65056";"rno-miR-181c"
"2223";"651";"rno-miR-181c"
"2224";"6515";"rno-miR-181c"
"2225";"659";"rno-miR-181c"
"2226";"65977";"rno-miR-181c"
"2227";"66008";"rno-miR-181c"
"2228";"66036";"rno-miR-181c"
"2229";"6733";"rno-miR-181c"
"2230";"6781";"rno-miR-181c"
"2231";"7046";"rno-miR-181c"
"2232";"7068";"rno-miR-181c"
"2233";"7078";"rno-miR-181c"
"2234";"7141";"rno-miR-181c"
"2235";"7184";"rno-miR-181c"
"2236";"7320";"rno-miR-181c"
"2237";"7342";"rno-miR-181c"
"2238";"7528";"rno-miR-181c"
"2239";"7532";"rno-miR-181c"
"2240";"7546";"rno-miR-181c"
"2241";"7703";"rno-miR-181c"
"2242";"7763";"rno-miR-181c"
"2243";"7798";"rno-miR-181c"
"2244";"783";"rno-miR-181c"
"2245";"7871";"rno-miR-181c"
"2246";"79018";"rno-miR-181c"
"2247";"7903";"rno-miR-181c"
"2248";"7913";"rno-miR-181c"
"2249";"79139";"rno-miR-181c"
"2250";"79577";"rno-miR-181c"
"2251";"79718";"rno-miR-181c"
"2252";"79727";"rno-miR-181c"
"2253";"79776";"rno-miR-181c"
"2254";"79888";"rno-miR-181c"
"2255";"8013";"rno-miR-181c"
"2256";"80155";"rno-miR-181c"
"2257";"80196";"rno-miR-181c"
"2258";"80204";"rno-miR-181c"
"2259";"80205";"rno-miR-181c"
"2260";"80218";"rno-miR-181c"
"2261";"80262";"rno-miR-181c"
"2262";"8050";"rno-miR-181c"
"2263";"8065";"rno-miR-181c"
"2264";"81688";"rno-miR-181c"
"2265";"818";"rno-miR-181c"
"2266";"81848";"rno-miR-181c"
"2267";"8301";"rno-miR-181c"
"2268";"83988";"rno-miR-181c"
"2269";"83992";"rno-miR-181c"
"2270";"84067";"rno-miR-181c"
"2271";"84132";"rno-miR-181c"
"2272";"84159";"rno-miR-181c"
"2273";"84258";"rno-miR-181c"
"2274";"8434";"rno-miR-181c"
"2275";"84343";"rno-miR-181c"
"2276";"8439";"rno-miR-181c"
"2277";"84433";"rno-miR-181c"
"2278";"8452";"rno-miR-181c"
"2279";"84541";"rno-miR-181c"
"2280";"8473";"rno-miR-181c"
"2281";"8476";"rno-miR-181c"
"2282";"84895";"rno-miR-181c"
"2283";"8500";"rno-miR-181c"
"2284";"8503";"rno-miR-181c"
"2285";"85364";"rno-miR-181c"
"2286";"85440";"rno-miR-181c"
"2287";"8545";"rno-miR-181c"
"2288";"8553";"rno-miR-181c"
"2289";"8577";"rno-miR-181c"
"2290";"8600";"rno-miR-181c"
"2291";"861";"rno-miR-181c"
"2292";"8613";"rno-miR-181c"
"2293";"863";"rno-miR-181c"
"2294";"868";"rno-miR-181c"
"2295";"8726";"rno-miR-181c"
"2296";"8731";"rno-miR-181c"
"2297";"8766";"rno-miR-181c"
"2298";"8812";"rno-miR-181c"
"2299";"8850";"rno-miR-181c"
"2300";"8864";"rno-miR-181c"
"2301";"8874";"rno-miR-181c"
"2302";"90249";"rno-miR-181c"
"2303";"9093";"rno-miR-181c"
"2304";"90957";"rno-miR-181c"
"2305";"9108";"rno-miR-181c"
"2306";"9139";"rno-miR-181c"
"2307";"91461";"rno-miR-181c"
"2308";"91746";"rno-miR-181c"
"2309";"91748";"rno-miR-181c"
"2310";"92";"rno-miR-181c"
"2311";"920";"rno-miR-181c"
"2312";"9228";"rno-miR-181c"
"2313";"9241";"rno-miR-181c"
"2314";"93";"rno-miR-181c"
"2315";"9332";"rno-miR-181c"
"2316";"9371";"rno-miR-181c"
"2317";"9378";"rno-miR-181c"
"2318";"9397";"rno-miR-181c"
"2319";"9425";"rno-miR-181c"
"2320";"9444";"rno-miR-181c"
"2321";"9448";"rno-miR-181c"
"2322";"9472";"rno-miR-181c"
"2323";"9474";"rno-miR-181c"
"2324";"9480";"rno-miR-181c"
"2325";"9491";"rno-miR-181c"
"2326";"9510";"rno-miR-181c"
"2327";"9519";"rno-miR-181c"
"2328";"9520";"rno-miR-181c"
"2329";"9543";"rno-miR-181c"
"2330";"9632";"rno-miR-181c"
"2331";"9686";"rno-miR-181c"
"2332";"969";"rno-miR-181c"
"2333";"9698";"rno-miR-181c"
"2334";"9745";"rno-miR-181c"
"2335";"9760";"rno-miR-181c"
"2336";"9772";"rno-miR-181c"
"2337";"9774";"rno-miR-181c"
"2338";"9777";"rno-miR-181c"
"2339";"9792";"rno-miR-181c"
"2340";"9802";"rno-miR-181c"
"2341";"9847";"rno-miR-181c"
"2342";"9877";"rno-miR-181c"
"2343";"9882";"rno-miR-181c"
"2344";"9915";"rno-miR-181c"
"2345";"9991";"rno-miR-181c"
"2346";"10016";"rno-miR-183"
"2347";"10217";"rno-miR-183"
"2348";"10251";"rno-miR-183"
"2349";"10497";"rno-miR-183"
"2350";"10498";"rno-miR-183"
"2351";"10559";"rno-miR-183"
"2352";"10608";"rno-miR-183"
"2353";"10659";"rno-miR-183"
"2354";"10678";"rno-miR-183"
"2355";"10690";"rno-miR-183"
"2356";"1073";"rno-miR-183"
"2357";"10776";"rno-miR-183"
"2358";"10988";"rno-miR-183"
"2359";"1106";"rno-miR-183"
"2360";"11221";"rno-miR-183"
"2361";"114798";"rno-miR-183"
"2362";"1182";"rno-miR-183"
"2363";"121551";"rno-miR-183"
"2364";"122060";"rno-miR-183"
"2365";"132864";"rno-miR-183"
"2366";"137492";"rno-miR-183"
"2367";"143279";"rno-miR-183"
"2368";"145567";"rno-miR-183"
"2369";"1641";"rno-miR-183"
"2370";"1654";"rno-miR-183"
"2371";"1837";"rno-miR-183"
"2372";"1839";"rno-miR-183"
"2373";"19";"rno-miR-183"
"2374";"1958";"rno-miR-183"
"2375";"1974";"rno-miR-183"
"2376";"202559";"rno-miR-183"
"2377";"2043";"rno-miR-183"
"2378";"2254";"rno-miR-183"
"2379";"2280";"rno-miR-183"
"2380";"22841";"rno-miR-183"
"2381";"22848";"rno-miR-183"
"2382";"22858";"rno-miR-183"
"2383";"22859";"rno-miR-183"
"2384";"22865";"rno-miR-183"
"2385";"23011";"rno-miR-183"
"2386";"23071";"rno-miR-183"
"2387";"2308";"rno-miR-183"
"2388";"23172";"rno-miR-183"
"2389";"23189";"rno-miR-183"
"2390";"23199";"rno-miR-183"
"2391";"23321";"rno-miR-183"
"2392";"23370";"rno-miR-183"
"2393";"23392";"rno-miR-183"
"2394";"23413";"rno-miR-183"
"2395";"23414";"rno-miR-183"
"2396";"23435";"rno-miR-183"
"2397";"23503";"rno-miR-183"
"2398";"23504";"rno-miR-183"
"2399";"23515";"rno-miR-183"
"2400";"23767";"rno-miR-183"
"2401";"246175";"rno-miR-183"
"2402";"256714";"rno-miR-183"
"2403";"25942";"rno-miR-183"
"2404";"26046";"rno-miR-183"
"2405";"26064";"rno-miR-183"
"2406";"26135";"rno-miR-183"
"2407";"26278";"rno-miR-183"
"2408";"26472";"rno-miR-183"
"2409";"26985";"rno-miR-183"
"2410";"27086";"rno-miR-183"
"2411";"27161";"rno-miR-183"
"2412";"27230";"rno-miR-183"
"2413";"27250";"rno-miR-183"
"2414";"27436";"rno-miR-183"
"2415";"2782";"rno-miR-183"
"2416";"2787";"rno-miR-183"
"2417";"29035";"rno-miR-183"
"2418";"2908";"rno-miR-183"
"2419";"29982";"rno-miR-183"
"2420";"3418";"rno-miR-183"
"2421";"345557";"rno-miR-183"
"2422";"3638";"rno-miR-183"
"2423";"3667";"rno-miR-183"
"2424";"3688";"rno-miR-183"
"2425";"3770";"rno-miR-183"
"2426";"3776";"rno-miR-183"
"2427";"4040";"rno-miR-183"
"2428";"4216";"rno-miR-183"
"2429";"4779";"rno-miR-183"
"2430";"4802";"rno-miR-183"
"2431";"4929";"rno-miR-183"
"2432";"493";"rno-miR-183"
"2433";"5066";"rno-miR-183"
"2434";"51014";"rno-miR-183"
"2435";"51092";"rno-miR-183"
"2436";"51247";"rno-miR-183"
"2437";"51582";"rno-miR-183"
"2438";"51646";"rno-miR-183"
"2439";"51742";"rno-miR-183"
"2440";"51762";"rno-miR-183"
"2441";"5217";"rno-miR-183"
"2442";"5292";"rno-miR-183"
"2443";"5324";"rno-miR-183"
"2444";"5326";"rno-miR-183"
"2445";"5332";"rno-miR-183"
"2446";"53353";"rno-miR-183"
"2447";"5368";"rno-miR-183"
"2448";"53944";"rno-miR-183"
"2449";"54207";"rno-miR-183"
"2450";"5433";"rno-miR-183"
"2451";"54477";"rno-miR-183"
"2452";"54665";"rno-miR-183"
"2453";"54796";"rno-miR-183"
"2454";"55031";"rno-miR-183"
"2455";"55084";"rno-miR-183"
"2456";"5515";"rno-miR-183"
"2457";"5516";"rno-miR-183"
"2458";"5520";"rno-miR-183"
"2459";"5527";"rno-miR-183"
"2460";"55512";"rno-miR-183"
"2461";"55553";"rno-miR-183"
"2462";"55603";"rno-miR-183"
"2463";"55671";"rno-miR-183"
"2464";"55740";"rno-miR-183"
"2465";"5578";"rno-miR-183"
"2466";"55885";"rno-miR-183"
"2467";"5664";"rno-miR-183"
"2468";"56935";"rno-miR-183"
"2469";"56943";"rno-miR-183"
"2470";"5727";"rno-miR-183"
"2471";"57459";"rno-miR-183"
"2472";"57584";"rno-miR-183"
"2473";"57620";"rno-miR-183"
"2474";"57826";"rno-miR-183"
"2475";"58190";"rno-miR-183"
"2476";"5824";"rno-miR-183"
"2477";"5898";"rno-miR-183"
"2478";"5900";"rno-miR-183"
"2479";"5955";"rno-miR-183"
"2480";"604";"rno-miR-183"
"2481";"6197";"rno-miR-183"
"2482";"63027";"rno-miR-183"
"2483";"6328";"rno-miR-183"
"2484";"64376";"rno-miR-183"
"2485";"64388";"rno-miR-183"
"2486";"64429";"rno-miR-183"
"2487";"64506";"rno-miR-183"
"2488";"64778";"rno-miR-183"
"2489";"64919";"rno-miR-183"
"2490";"6533";"rno-miR-183"
"2491";"6543";"rno-miR-183"
"2492";"65977";"rno-miR-183"
"2493";"6620";"rno-miR-183"
"2494";"6642";"rno-miR-183"
"2495";"665";"rno-miR-183"
"2496";"6749";"rno-miR-183"
"2497";"6781";"rno-miR-183"
"2498";"6938";"rno-miR-183"
"2499";"694";"rno-miR-183"
"2500";"7059";"rno-miR-183"
"2501";"7074";"rno-miR-183"
"2502";"7091";"rno-miR-183"
"2503";"7112";"rno-miR-183"
"2504";"7168";"rno-miR-183"
"2505";"7248";"rno-miR-183"
"2506";"7347";"rno-miR-183"
"2507";"7430";"rno-miR-183"
"2508";"7707";"rno-miR-183"
"2509";"7750";"rno-miR-183"
"2510";"777";"rno-miR-183"
"2511";"785";"rno-miR-183"
"2512";"79727";"rno-miR-183"
"2513";"80232";"rno-miR-183"
"2514";"81609";"rno-miR-183"
"2515";"81839";"rno-miR-183"
"2516";"83607";"rno-miR-183"
"2517";"84085";"rno-miR-183"
"2518";"84312";"rno-miR-183"
"2519";"84364";"rno-miR-183"
"2520";"8440";"rno-miR-183"
"2521";"84456";"rno-miR-183"
"2522";"84945";"rno-miR-183"
"2523";"8502";"rno-miR-183"
"2524";"85318";"rno-miR-183"
"2525";"85319";"rno-miR-183"
"2526";"862";"rno-miR-183"
"2527";"8828";"rno-miR-183"
"2528";"8851";"rno-miR-183"
"2529";"90102";"rno-miR-183"
"2530";"9031";"rno-miR-183"
"2531";"9107";"rno-miR-183"
"2532";"91754";"rno-miR-183"
"2533";"92";"rno-miR-183"
"2534";"9217";"rno-miR-183"
"2535";"9295";"rno-miR-183"
"2536";"93";"rno-miR-183"
"2537";"9306";"rno-miR-183"
"2538";"9369";"rno-miR-183"
"2539";"9479";"rno-miR-183"
"2540";"9497";"rno-miR-183"
"2541";"9640";"rno-miR-183"
"2542";"9659";"rno-miR-183"
"2543";"9689";"rno-miR-183"
"2544";"9741";"rno-miR-183"
"2545";"9878";"rno-miR-183"
"2546";"9886";"rno-miR-183"
"2547";"989";"rno-miR-183"
"2548";"9957";"rno-miR-183"
"2549";"9969";"rno-miR-183"
"2550";"10048";"rno-miR-200b"
"2551";"10150";"rno-miR-200b"
"2552";"10169";"rno-miR-200b"
"2553";"10186";"rno-miR-200b"
"2554";"10299";"rno-miR-200b"
"2555";"10370";"rno-miR-200b"
"2556";"10381";"rno-miR-200b"
"2557";"1039";"rno-miR-200b"
"2558";"10409";"rno-miR-200b"
"2559";"10425";"rno-miR-200b"
"2560";"10499";"rno-miR-200b"
"2561";"10608";"rno-miR-200b"
"2562";"10659";"rno-miR-200b"
"2563";"10678";"rno-miR-200b"
"2564";"1073";"rno-miR-200b"
"2565";"10767";"rno-miR-200b"
"2566";"10769";"rno-miR-200b"
"2567";"10777";"rno-miR-200b"
"2568";"108";"rno-miR-200b"
"2569";"10818";"rno-miR-200b"
"2570";"10914";"rno-miR-200b"
"2571";"10920";"rno-miR-200b"
"2572";"10979";"rno-miR-200b"
"2573";"11041";"rno-miR-200b"
"2574";"1106";"rno-miR-200b"
"2575";"11163";"rno-miR-200b"
"2576";"11168";"rno-miR-200b"
"2577";"11217";"rno-miR-200b"
"2578";"11235";"rno-miR-200b"
"2579";"11278";"rno-miR-200b"
"2580";"11313";"rno-miR-200b"
"2581";"113263";"rno-miR-200b"
"2582";"11345";"rno-miR-200b"
"2583";"114798";"rno-miR-200b"
"2584";"114885";"rno-miR-200b"
"2585";"115294";"rno-miR-200b"
"2586";"115330";"rno-miR-200b"
"2587";"121441";"rno-miR-200b"
"2588";"1266";"rno-miR-200b"
"2589";"129642";"rno-miR-200b"
"2590";"130074";"rno-miR-200b"
"2591";"133022";"rno-miR-200b"
"2592";"135293";"rno-miR-200b"
"2593";"1387";"rno-miR-200b"
"2594";"1392";"rno-miR-200b"
"2595";"1399";"rno-miR-200b"
"2596";"143187";"rno-miR-200b"
"2597";"143279";"rno-miR-200b"
"2598";"143684";"rno-miR-200b"
"2599";"146713";"rno-miR-200b"
"2600";"1501";"rno-miR-200b"
"2601";"151987";"rno-miR-200b"
"2602";"152006";"rno-miR-200b"
"2603";"152330";"rno-miR-200b"
"2604";"154";"rno-miR-200b"
"2605";"157506";"rno-miR-200b"
"2606";"1605";"rno-miR-200b"
"2607";"1606";"rno-miR-200b"
"2608";"161357";"rno-miR-200b"
"2609";"161742";"rno-miR-200b"
"2610";"1641";"rno-miR-200b"
"2611";"1654";"rno-miR-200b"
"2612";"167826";"rno-miR-200b"
"2613";"171023";"rno-miR-200b"
"2614";"171546";"rno-miR-200b"
"2615";"1756";"rno-miR-200b"
"2616";"1843";"rno-miR-200b"
"2617";"1902";"rno-miR-200b"
"2618";"1909";"rno-miR-200b"
"2619";"1942";"rno-miR-200b"
"2620";"1960";"rno-miR-200b"
"2621";"1965";"rno-miR-200b"
"2622";"196528";"rno-miR-200b"
"2623";"1993";"rno-miR-200b"
"2624";"1996";"rno-miR-200b"
"2625";"1998";"rno-miR-200b"
"2626";"200576";"rno-miR-200b"
"2627";"203068";"rno-miR-200b"
"2628";"203259";"rno-miR-200b"
"2629";"2033";"rno-miR-200b"
"2630";"204851";"rno-miR-200b"
"2631";"205564";"rno-miR-200b"
"2632";"2059";"rno-miR-200b"
"2633";"2104";"rno-miR-200b"
"2634";"2107";"rno-miR-200b"
"2635";"2113";"rno-miR-200b"
"2636";"2119";"rno-miR-200b"
"2637";"219654";"rno-miR-200b"
"2638";"221895";"rno-miR-200b"
"2639";"221937";"rno-miR-200b"
"2640";"221938";"rno-miR-200b"
"2641";"222950";"rno-miR-200b"
"2642";"2245";"rno-miR-200b"
"2643";"2273";"rno-miR-200b"
"2644";"22841";"rno-miR-200b"
"2645";"22858";"rno-miR-200b"
"2646";"22864";"rno-miR-200b"
"2647";"22990";"rno-miR-200b"
"2648";"23001";"rno-miR-200b"
"2649";"23011";"rno-miR-200b"
"2650";"23023";"rno-miR-200b"
"2651";"23047";"rno-miR-200b"
"2652";"23063";"rno-miR-200b"
"2653";"23114";"rno-miR-200b"
"2654";"23116";"rno-miR-200b"
"2655";"23119";"rno-miR-200b"
"2656";"23122";"rno-miR-200b"
"2657";"2313";"rno-miR-200b"
"2658";"23164";"rno-miR-200b"
"2659";"23168";"rno-miR-200b"
"2660";"23179";"rno-miR-200b"
"2661";"23187";"rno-miR-200b"
"2662";"23189";"rno-miR-200b"
"2663";"23211";"rno-miR-200b"
"2664";"23213";"rno-miR-200b"
"2665";"23258";"rno-miR-200b"
"2666";"23271";"rno-miR-200b"
"2667";"23279";"rno-miR-200b"
"2668";"23291";"rno-miR-200b"
"2669";"23299";"rno-miR-200b"
"2670";"2332";"rno-miR-200b"
"2671";"23321";"rno-miR-200b"
"2672";"23327";"rno-miR-200b"
"2673";"2335";"rno-miR-200b"
"2674";"23369";"rno-miR-200b"
"2675";"23413";"rno-miR-200b"
"2676";"23414";"rno-miR-200b"
"2677";"23435";"rno-miR-200b"
"2678";"23531";"rno-miR-200b"
"2679";"23543";"rno-miR-200b"
"2680";"23568";"rno-miR-200b"
"2681";"23598";"rno-miR-200b"
"2682";"23603";"rno-miR-200b"
"2683";"246175";"rno-miR-200b"
"2684";"2494";"rno-miR-200b"
"2685";"253714";"rno-miR-200b"
"2686";"254170";"rno-miR-200b"
"2687";"2551";"rno-miR-200b"
"2688";"255919";"rno-miR-200b"
"2689";"257194";"rno-miR-200b"
"2690";"25791";"rno-miR-200b"
"2691";"25822";"rno-miR-200b"
"2692";"25836";"rno-miR-200b"
"2693";"25842";"rno-miR-200b"
"2694";"25843";"rno-miR-200b"
"2695";"25897";"rno-miR-200b"
"2696";"25932";"rno-miR-200b"
"2697";"26060";"rno-miR-200b"
"2698";"26118";"rno-miR-200b"
"2699";"26225";"rno-miR-200b"
"2700";"2624";"rno-miR-200b"
"2701";"2626";"rno-miR-200b"
"2702";"26512";"rno-miR-200b"
"2703";"26524";"rno-miR-200b"
"2704";"2665";"rno-miR-200b"
"2705";"266812";"rno-miR-200b"
"2706";"2669";"rno-miR-200b"
"2707";"267";"rno-miR-200b"
"2708";"2672";"rno-miR-200b"
"2709";"27115";"rno-miR-200b"
"2710";"27125";"rno-miR-200b"
"2711";"27244";"rno-miR-200b"
"2712";"2742";"rno-miR-200b"
"2713";"2773";"rno-miR-200b"
"2714";"2823";"rno-miR-200b"
"2715";"288";"rno-miR-200b"
"2716";"29035";"rno-miR-200b"
"2717";"2908";"rno-miR-200b"
"2718";"29109";"rno-miR-200b"
"2719";"29110";"rno-miR-200b"
"2720";"2960";"rno-miR-200b"
"2721";"29761";"rno-miR-200b"
"2722";"29883";"rno-miR-200b"
"2723";"29970";"rno-miR-200b"
"2724";"29979";"rno-miR-200b"
"2725";"29994";"rno-miR-200b"
"2726";"30010";"rno-miR-200b"
"2727";"31";"rno-miR-200b"
"2728";"3131";"rno-miR-200b"
"2729";"3149";"rno-miR-200b"
"2730";"3184";"rno-miR-200b"
"2731";"3192";"rno-miR-200b"
"2732";"3267";"rno-miR-200b"
"2733";"3313";"rno-miR-200b"
"2734";"3321";"rno-miR-200b"
"2735";"3340";"rno-miR-200b"
"2736";"3398";"rno-miR-200b"
"2737";"341640";"rno-miR-200b"
"2738";"3667";"rno-miR-200b"
"2739";"3708";"rno-miR-200b"
"2740";"3751";"rno-miR-200b"
"2741";"3759";"rno-miR-200b"
"2742";"376940";"rno-miR-200b"
"2743";"3776";"rno-miR-200b"
"2744";"3845";"rno-miR-200b"
"2745";"387";"rno-miR-200b"
"2746";"3899";"rno-miR-200b"
"2747";"390";"rno-miR-200b"
"2748";"3936";"rno-miR-200b"
"2749";"3953";"rno-miR-200b"
"2750";"3955";"rno-miR-200b"
"2751";"396";"rno-miR-200b"
"2752";"4008";"rno-miR-200b"
"2753";"4035";"rno-miR-200b"
"2754";"4038";"rno-miR-200b"
"2755";"4077";"rno-miR-200b"
"2756";"4082";"rno-miR-200b"
"2757";"4094";"rno-miR-200b"
"2758";"4097";"rno-miR-200b"
"2759";"4133";"rno-miR-200b"
"2760";"4189";"rno-miR-200b"
"2761";"4247";"rno-miR-200b"
"2762";"4286";"rno-miR-200b"
"2763";"445815";"rno-miR-200b"
"2764";"4478";"rno-miR-200b"
"2765";"4613";"rno-miR-200b"
"2766";"4661";"rno-miR-200b"
"2767";"4664";"rno-miR-200b"
"2768";"4692";"rno-miR-200b"
"2769";"4774";"rno-miR-200b"
"2770";"4781";"rno-miR-200b"
"2771";"4800";"rno-miR-200b"
"2772";"4850";"rno-miR-200b"
"2773";"488";"rno-miR-200b"
"2774";"4908";"rno-miR-200b"
"2775";"4950";"rno-miR-200b"
"2776";"4982";"rno-miR-200b"
"2777";"5066";"rno-miR-200b"
"2778";"50807";"rno-miR-200b"
"2779";"5100";"rno-miR-200b"
"2780";"51125";"rno-miR-200b"
"2781";"5126";"rno-miR-200b"
"2782";"5127";"rno-miR-200b"
"2783";"5128";"rno-miR-200b"
"2784";"51317";"rno-miR-200b"
"2785";"51320";"rno-miR-200b"
"2786";"51339";"rno-miR-200b"
"2787";"51421";"rno-miR-200b"
"2788";"51426";"rno-miR-200b"
"2789";"51455";"rno-miR-200b"
"2790";"51621";"rno-miR-200b"
"2791";"51663";"rno-miR-200b"
"2792";"5170";"rno-miR-200b"
"2793";"51719";"rno-miR-200b"
"2794";"51742";"rno-miR-200b"
"2795";"51762";"rno-miR-200b"
"2796";"5300";"rno-miR-200b"
"2797";"5310";"rno-miR-200b"
"2798";"5334";"rno-miR-200b"
"2799";"53353";"rno-miR-200b"
"2800";"53373";"rno-miR-200b"
"2801";"5358";"rno-miR-200b"
"2802";"54014";"rno-miR-200b"
"2803";"54165";"rno-miR-200b"
"2804";"54206";"rno-miR-200b"
"2805";"54407";"rno-miR-200b"
"2806";"54443";"rno-miR-200b"
"2807";"54469";"rno-miR-200b"
"2808";"54471";"rno-miR-200b"
"2809";"546";"rno-miR-200b"
"2810";"54619";"rno-miR-200b"
"2811";"54665";"rno-miR-200b"
"2812";"54726";"rno-miR-200b"
"2813";"54897";"rno-miR-200b"
"2814";"5495";"rno-miR-200b"
"2815";"55031";"rno-miR-200b"
"2816";"55074";"rno-miR-200b"
"2817";"55089";"rno-miR-200b"
"2818";"55093";"rno-miR-200b"
"2819";"55113";"rno-miR-200b"
"2820";"5514";"rno-miR-200b"
"2821";"5515";"rno-miR-200b"
"2822";"55167";"rno-miR-200b"
"2823";"55181";"rno-miR-200b"
"2824";"55205";"rno-miR-200b"
"2825";"55207";"rno-miR-200b"
"2826";"5522";"rno-miR-200b"
"2827";"55236";"rno-miR-200b"
"2828";"55262";"rno-miR-200b"
"2829";"5527";"rno-miR-200b"
"2830";"55288";"rno-miR-200b"
"2831";"5529";"rno-miR-200b"
"2832";"55291";"rno-miR-200b"
"2833";"55294";"rno-miR-200b"
"2834";"55578";"rno-miR-200b"
"2835";"55626";"rno-miR-200b"
"2836";"5567";"rno-miR-200b"
"2837";"5569";"rno-miR-200b"
"2838";"55719";"rno-miR-200b"
"2839";"5577";"rno-miR-200b"
"2840";"5578";"rno-miR-200b"
"2841";"55854";"rno-miR-200b"
"2842";"5607";"rno-miR-200b"
"2843";"56916";"rno-miR-200b"
"2844";"57092";"rno-miR-200b"
"2845";"57157";"rno-miR-200b"
"2846";"5728";"rno-miR-200b"
"2847";"57494";"rno-miR-200b"
"2848";"57509";"rno-miR-200b"
"2849";"57515";"rno-miR-200b"
"2850";"57524";"rno-miR-200b"
"2851";"57526";"rno-miR-200b"
"2852";"57569";"rno-miR-200b"
"2853";"57604";"rno-miR-200b"
"2854";"57610";"rno-miR-200b"
"2855";"57614";"rno-miR-200b"
"2856";"5781";"rno-miR-200b"
"2857";"57826";"rno-miR-200b"
"2858";"5803";"rno-miR-200b"
"2859";"58508";"rno-miR-200b"
"2860";"5879";"rno-miR-200b"
"2861";"5908";"rno-miR-200b"
"2862";"59272";"rno-miR-200b"
"2863";"6018";"rno-miR-200b"
"2864";"6048";"rno-miR-200b"
"2865";"607";"rno-miR-200b"
"2866";"6197";"rno-miR-200b"
"2867";"6198";"rno-miR-200b"
"2868";"6249";"rno-miR-200b"
"2869";"6305";"rno-miR-200b"
"2870";"6310";"rno-miR-200b"
"2871";"6319";"rno-miR-200b"
"2872";"6323";"rno-miR-200b"
"2873";"6326";"rno-miR-200b"
"2874";"6331";"rno-miR-200b"
"2875";"6383";"rno-miR-200b"
"2876";"639";"rno-miR-200b"
"2877";"6405";"rno-miR-200b"
"2878";"64062";"rno-miR-200b"
"2879";"64130";"rno-miR-200b"
"2880";"64145";"rno-miR-200b"
"2881";"6426";"rno-miR-200b"
"2882";"64282";"rno-miR-200b"
"2883";"6434";"rno-miR-200b"
"2884";"64432";"rno-miR-200b"
"2885";"64599";"rno-miR-200b"
"2886";"64750";"rno-miR-200b"
"2887";"64766";"rno-miR-200b"
"2888";"6477";"rno-miR-200b"
"2889";"64778";"rno-miR-200b"
"2890";"64787";"rno-miR-200b"
"2891";"64864";"rno-miR-200b"
"2892";"64919";"rno-miR-200b"
"2893";"65055";"rno-miR-200b"
"2894";"6506";"rno-miR-200b"
"2895";"6529";"rno-miR-200b"
"2896";"6533";"rno-miR-200b"
"2897";"6563";"rno-miR-200b"
"2898";"6602";"rno-miR-200b"
"2899";"6616";"rno-miR-200b"
"2900";"6657";"rno-miR-200b"
"2901";"6710";"rno-miR-200b"
"2902";"6722";"rno-miR-200b"
"2903";"6804";"rno-miR-200b"
"2904";"6857";"rno-miR-200b"
"2905";"687";"rno-miR-200b"
"2906";"6908";"rno-miR-200b"
"2907";"6921";"rno-miR-200b"
"2908";"6935";"rno-miR-200b"
"2909";"7020";"rno-miR-200b"
"2910";"7071";"rno-miR-200b"
"2911";"7094";"rno-miR-200b"
"2912";"7280";"rno-miR-200b"
"2913";"7320";"rno-miR-200b"
"2914";"7321";"rno-miR-200b"
"2915";"7329";"rno-miR-200b"
"2916";"7422";"rno-miR-200b"
"2917";"7436";"rno-miR-200b"
"2918";"7456";"rno-miR-200b"
"2919";"7461";"rno-miR-200b"
"2920";"7529";"rno-miR-200b"
"2921";"7532";"rno-miR-200b"
"2922";"7707";"rno-miR-200b"
"2923";"775";"rno-miR-200b"
"2924";"7813";"rno-miR-200b"
"2925";"7879";"rno-miR-200b"
"2926";"79047";"rno-miR-200b"
"2927";"7917";"rno-miR-200b"
"2928";"79602";"rno-miR-200b"
"2929";"79607";"rno-miR-200b"
"2930";"79776";"rno-miR-200b"
"2931";"79811";"rno-miR-200b"
"2932";"80031";"rno-miR-200b"
"2933";"80205";"rno-miR-200b"
"2934";"8076";"rno-miR-200b"
"2935";"8087";"rno-miR-200b"
"2936";"813";"rno-miR-200b"
"2937";"81688";"rno-miR-200b"
"2938";"8314";"rno-miR-200b"
"2939";"83463";"rno-miR-200b"
"2940";"83607";"rno-miR-200b"
"2941";"83641";"rno-miR-200b"
"2942";"83660";"rno-miR-200b"
"2943";"8396";"rno-miR-200b"
"2944";"84064";"rno-miR-200b"
"2945";"84251";"rno-miR-200b"
"2946";"84312";"rno-miR-200b"
"2947";"8434";"rno-miR-200b"
"2948";"8440";"rno-miR-200b"
"2949";"84447";"rno-miR-200b"
"2950";"8445";"rno-miR-200b"
"2951";"846";"rno-miR-200b"
"2952";"84612";"rno-miR-200b"
"2953";"84662";"rno-miR-200b"
"2954";"8491";"rno-miR-200b"
"2955";"85360";"rno-miR-200b"
"2956";"8545";"rno-miR-200b"
"2957";"8613";"rno-miR-200b"
"2958";"8654";"rno-miR-200b"
"2959";"8669";"rno-miR-200b"
"2960";"8675";"rno-miR-200b"
"2961";"8816";"rno-miR-200b"
"2962";"8828";"rno-miR-200b"
"2963";"8848";"rno-miR-200b"
"2964";"8850";"rno-miR-200b"
"2965";"8867";"rno-miR-200b"
"2966";"8893";"rno-miR-200b"
"2967";"8905";"rno-miR-200b"
"2968";"91408";"rno-miR-200b"
"2969";"92";"rno-miR-200b"
"2970";"9202";"rno-miR-200b"
"2971";"9241";"rno-miR-200b"
"2972";"93";"rno-miR-200b"
"2973";"9306";"rno-miR-200b"
"2974";"9314";"rno-miR-200b"
"2975";"9331";"rno-miR-200b"
"2976";"9337";"rno-miR-200b"
"2977";"9425";"rno-miR-200b"
"2978";"9435";"rno-miR-200b"
"2979";"9444";"rno-miR-200b"
"2980";"9448";"rno-miR-200b"
"2981";"9465";"rno-miR-200b"
"2982";"9508";"rno-miR-200b"
"2983";"9513";"rno-miR-200b"
"2984";"9522";"rno-miR-200b"
"2985";"9568";"rno-miR-200b"
"2986";"95681";"rno-miR-200b"
"2987";"9586";"rno-miR-200b"
"2988";"9647";"rno-miR-200b"
"2989";"9653";"rno-miR-200b"
"2990";"9712";"rno-miR-200b"
"2991";"9728";"rno-miR-200b"
"2992";"9759";"rno-miR-200b"
"2993";"9782";"rno-miR-200b"
"2994";"9815";"rno-miR-200b"
"2995";"9828";"rno-miR-200b"
"2996";"9839";"rno-miR-200b"
"2997";"9857";"rno-miR-200b"
"2998";"9957";"rno-miR-200b"
"2999";"9962";"rno-miR-200b"
"3000";"9969";"rno-miR-200b"
"3001";"9972";"rno-miR-200b"
